-- phpMyAdmin SQL Dump
-- version 5.2.2
-- https://www.phpmyadmin.net/
--
-- Host: localhost:3306
-- Generation Time: Sep 30, 2025 at 10:12 AM
-- Server version: 10.3.39-MariaDB-0ubuntu0.20.04.2
-- PHP Version: 8.4.11

SET SQL_MODE = "NO_AUTO_VALUE_ON_ZERO";
START TRANSACTION;
SET time_zone = "+00:00";


/*!40101 SET @OLD_CHARACTER_SET_CLIENT=@@CHARACTER_SET_CLIENT */;
/*!40101 SET @OLD_CHARACTER_SET_RESULTS=@@CHARACTER_SET_RESULTS */;
/*!40101 SET @OLD_COLLATION_CONNECTION=@@COLLATION_CONNECTION */;
/*!40101 SET NAMES utf8mb4 */;

--
-- Database: `admin_dctest`
--

-- --------------------------------------------------------

--
-- Table structure for table `items`
--

CREATE TABLE `items` (
  `id` int(11) NOT NULL,
  `name` varchar(255) NOT NULL,
  `details` text DEFAULT NULL,
  `image` varchar(255) DEFAULT NULL,
  `pdf_file` varchar(255) DEFAULT NULL,
  `created_at` timestamp NOT NULL DEFAULT current_timestamp(),
  `hidden` tinyint(1) DEFAULT 0,
  `items_backup` int(11) NOT NULL
) ENGINE=InnoDB DEFAULT CHARSET=utf8mb4 COLLATE=utf8mb4_general_ci;

--
-- Dumping data for table `items`
--

INSERT INTO `items` (`id`, `name`, `details`, `image`, `pdf_file`, `created_at`, `hidden`, `items_backup`) VALUES
(76, 'คู่มือการปฏิบัติงานขององค์กรปกครองส่วนท้องถิ่น', 'จำนวน 154 หน้า ผู้จัดทำ: เทศบาลนครพิษณุโลก ปี: 2566', 'img_67b5c0b4dbd92.png', 'pdf_67b5c8e71fc2b.pdf', '2025-02-19 11:29:56', 0, 0),
(77, 'แจ้งปรับปรุงข้อมูลความเชื่อมโยงยุทธศาสตร์การพัฒนาของเทศบาลนครพิษณุโลก', 'จำนวน 29 หน้า ผู้จัดทำ: เทศบาลนครพิษณุโลก ปี: 2567', 'img_67b5c0c2c4fae.png', 'pdf_67b5c8a0bbc80.pdf', '2025-02-19 11:30:10', 0, 0),
(78, 'เทศบัญญัติงบประมาณรายจ่ายประจำปีงบประมาณพ.ศ.2567', 'จำนวน 714 หน้า  ผู้จัดทำ: เทศบาลนครพิษณุโลก ปี: 2567', 'img_67b5c0e0758a0.jpeg', 'pdf_67b5c6d28b6b9.pdf', '2025-02-19 11:30:40', 0, 0),
(79, 'เทศบัญญัติงบประมาณรายจ่ายประจำปีงบประมาณพ.ศ.2568', 'จำนวน 668 หน้า  ผู้จัดทำ: เทศบาลนครพิษณุโลก ปี: 2568', 'img_67b5c0ebb8335.jpeg', 'pdf_67b5c62ac0075.pdf', '2025-02-19 11:30:51', 0, 0),
(80, 'เทศบัญญัติงบประมาณรายจ่ายเพิ่มเติมฉบับที่2ประจำปีงบประมาณพ.ศ.2567', 'จำนวน 73 หน้า  ผู้จัดทำ: เทศบาลนครพิษณุโลก ปี: 2567', 'img_67b5c0f3e2670.jpeg', 'pdf_67b5c61a6e604.pdf', '2025-02-19 11:30:59', 0, 0),
(81, 'รายละเอียด: แผนการดำเนินงานประจำปีงบประมาณพ.ศ.2567', 'จำนวน 274 หน้า ผู้จัดทำ: เทศบาลนครพิษณุโลก ปี: 2567', 'img_67b5c0fbe8e8b.png', 'pdf_67b5c973a6c93.pdf', '2025-02-19 11:31:07', 0, 0),
(82, 'แผนการดำเนินงานประจำปีงบประมาณพ.ศ.2567เพิ่มเติมครั้งที่1', 'จำนวน 16 หน้า ผู้จัดทำ: เทศบาลนครพิษณุโลก ปี: 2567', 'img_67b5c1021e14e.png', 'pdf_67b5ca251be49.pdf', '2025-02-19 11:31:14', 0, 0),
(83, 'แผนการการดำเนินงานประจำปีงบประมาณพ.ศ.ครั้งที่ 2', 'จำนวน 36 หน้า ผู้จัดทำ: เทศบาลนครพิษณุโลก ปี: 2567', 'img_67b5c108aec98.png', 'pdf_67b5cb1905dc4.pdf', '2025-02-19 11:31:20', 0, 0),
(84, 'แผนการดำเนินงานประจำปีงบประมาณพ.ศ.2568', 'จำนวน 224 หน้า ผู้จัดทำ: เทศบาลนครพิษณุโลก ปี: 2568', 'img_67b5c110206d3.png', 'pdf_67b5cbb113daf.pdf', '2025-02-19 11:31:28', 0, 0),
(85, 'แผนการบริหารจัดการความเสี่ยงประจำปีงบประมาณพ.ศ.2567', 'จำนวน 427 หน้า ผู้จัดทำ: เทศบาลนครพิษณุโลก ปี: 2567', 'img_67b5c118385bc.png', 'pdf_67b5cd106c64d.pdf', '2025-02-19 11:31:36', 0, 0),
(86, 'รายงานมาตรการส่งเสริมคุณธรรมและความโปร่งใสประจำปีงบประมาณพ.ศ.2567', 'จำนวน 21 หน้า ผู้จัดทำ: เทศบาลนครพิษณุโลก ปี 2567', 'img_67b5c5b7663d3.jpeg', 'pdf_67b5c5db5595a.pdf', '2025-02-19 11:31:42', 0, 0),
(87, 'รายงานการติดตามและประเมินผล แผนพัฒนาท้องถิ่น(2566-2570)ประจำปีงบประมาณพ.ศ.2566', 'จำนวน 373 หน้า ผู้จัดทำ: เทศบาลนครพิษณุโลก ปี: 2567', 'img_67b5c126b2ce9.jpeg', 'pdf_67b5cda877072.pdf', '2025-02-19 11:31:50', 0, 0),
(88, 'แผนพัฒนาท้องถิ่น(พ.ศ.2566-2570 ) ฉบับทบทวนพ.ศ.2566 เทศบาลนครพิษณุโลก', 'จำนวน 862 หน้า ผู้จัดทำ: เทศบาลนครพิษณุโลก ปี: 2566', 'img_67b5c12d0436d.png', 'pdf_67b5cd83190a6.pdf', '2025-02-19 11:31:57', 0, 0),
(89, 'การประเมินความเสี่ยงการทุจริตในประเด็นที่เกี่ยวข้องกับสินบนประจําปีงบประมาณ2567', 'จำนวน 18 หน้า ผู้จัดทำ: เทศบาลนครพิษณุโลก ปี: 2567', 'img_67b5cceb307a7.png', 'pdf_67b5cceb30b5e.pdf', '2025-02-19 12:22:03', 0, 0),
(128, 'รายงานการเงินประจำรายงานการเงินประจำปีและรายงานผลการตรวจสอบของสำนักงานตรวจเงินแผ่นดิน ประจำปีงบประมาณ พ.ศ.2567', 'ประกาศเทศบาลนครพิษณุโลก', '', 'pdf_68356a5a7d5d7.pdf', '2025-05-27 07:31:38', 0, 0),
(159, '11', '', '', 'pdf_68551b312fcf3.pdf', '2025-06-20 08:23:59', 1, 0),
(160, 'ทดสอบ', '', 'img_68551b650f5e8.png', 'pdf_68551b650f7f7.pdf', '2025-06-20 08:27:17', 1, 0),
(162, 'เผยแพร่ความรู้เกี่ยวกับพระราชบัญยัติข้อมูลข่าวสารของราชการ พ.ศ.2540', '', '', 'pdf_68551de314322.pdf', '2025-06-20 08:37:55', 0, 0),
(163, 'ทดสอบ2', '122', 'img_6858f6e2a1762.png', 'pdf_6858f6e2a1977.pdf', '2025-06-23 06:40:34', 1, 0),
(171, 'รายงานผลการจัดซื้อจัดจ้างประจำเดือน พฤษภาคม 2568', '', '', 'pdf_686633ecd1c8a.pdf', '2025-07-02 04:30:31', 0, 0),
(172, 'เผยแพร่ความรู้เกี่ยวกับพระราชบัญยัติข้อมูลข่าวสารของราชการ พ.ศ.2540', '', '', 'pdf_6864b79d964b6.pdf', '2025-07-02 04:37:49', 0, 0),
(173, 'ประชุมสภาฯ  สมัยสามัญ  สมัยแรก ครั้งที่ 1', 'ปี 2567', '', 'pdf_686619973d6cb.pdf', '2025-07-03 05:48:07', 0, 0),
(174, 'รายงานการประชุมสภาเทศบาลนครพิษณุโลก  สมัยวิสามัญ สมัยที่ 1 ครั้งที่ 3', 'ปี 2567', '', 'pdf_686619ff3eba9.pdf', '2025-07-03 05:49:00', 0, 0),
(175, 'รายงานการประชุมสภาเทศบาลนครพิษณุโลก  สมัยวิสามัญ สมัยที่ 1 ครั้งที่ 4', 'ปี 2567', '', 'pdf_68661a171aed7.pdf', '2025-07-03 05:50:15', 0, 0),
(176, 'รายงานการประชุมสภาเทศบาลนครพิษณุโลก  สมัยวิสามัญ สมัยที่ 2 ครั้งที่ 1', 'ปี 2567', '', 'pdf_68661add2d841.pdf', '2025-07-03 05:53:33', 0, 0),
(177, 'รายงานการประชุมสภาเทศบาลนครพิษณุโลก  สมัยวิสามัญ สมัยที่ 3  ครั้งที่ 1', 'ปี 2567', '', 'pdf_68661b26d61e0.pdf', '2025-07-03 05:54:46', 0, 0),
(178, 'รายงานการประชุมสภาเทศบาลนครพิษณุโลก  สมัยวิสามัญ สมัยที่ 3  ครั้งที่ 2', 'ปี 2567', '', 'pdf_68661b43f1f82.pdf', '2025-07-03 05:55:15', 0, 0),
(179, 'รายงานการประชุมสภาเทศบาลนครพิษณุโลก  สมัยวิสามัญ สมัยที่ 4  ครั้งที่ 1', 'ปี 2567', '', 'pdf_68661b6fea4f2.pdf', '2025-07-03 05:55:59', 0, 0),
(180, 'เผยแพร่ความรู้เกี่ยวกับพระราชบัญยัติข้อมูลข่าวสารของราชการ พ.ศ.2540', '', '', 'pdf_6879c688cf69a.pdf', '2025-07-18 03:59:04', 0, 0),
(181, 'รายงานผลการจัดซื้อจัดจ้างประจำเดือนมิถุนายน 2568', '', '', 'pdf_68833b6c55ede.pdf', '2025-07-25 08:08:12', 0, 0),
(182, 'รายงานผลการจัดซื้อจัดจ้างประจำเดือน กรกฎาคม 2568', '', '', 'pdf_68b15d7557bff.pdf', '2025-08-14 08:36:32', 0, 0),
(183, 'เผยแพร่ความรู้เกี่ยวกับพระราชบัญญัติข้อมูลข่าวสารของราชการ พ.ศ.2540 สิงหาคม 2568', '', '', 'pdf_68b15e4a75755.pdf', '2025-08-29 07:59:50', 0, 0),
(184, 'รายงานผลการจัดซื้อจัดจ้างประจำเดือน สิงหาคม 2568', '', '', 'pdf_68c3c53eba3fc.pdf', '2025-09-12 06:59:06', 0, 0),
(185, 'เผยแพร่ความรู้เกี่ยวกับพระราชบัญญัติข้อมูลข่าวสารของราชการ พ.ศ.2540 กันยายน 2568', '', '', 'pdf_68da2e132116b.pdf', '2025-09-29 06:58:27', 0, 0);

-- --------------------------------------------------------

--
-- Table structure for table `items_backup`
--

CREATE TABLE `items_backup` (
  `id` int(11) NOT NULL,
  `name` varchar(255) NOT NULL,
  `details` text DEFAULT NULL,
  `image` varchar(255) DEFAULT NULL,
  `pdf_file` varchar(255) DEFAULT NULL,
  `created_at` timestamp NOT NULL DEFAULT current_timestamp(),
  `hidden` tinyint(1) DEFAULT 0,
  `items_backup` int(11) NOT NULL
) ENGINE=InnoDB DEFAULT CHARSET=utf8mb4 COLLATE=utf8mb4_general_ci;

--
-- Dumping data for table `items_backup`
--

INSERT INTO `items_backup` (`id`, `name`, `details`, `image`, `pdf_file`, `created_at`, `hidden`, `items_backup`) VALUES
(63, 'กพเ', 'กพเกพ', '', '', '2025-02-11 14:45:30', 0, 0),
(64, 'กพเก', 'กเพกพเก', 'img_67b5affa10dc3.JPG', 'pdf_67b59af484ec7.pdf', '2025-02-11 14:45:33', 0, 0),
(72, 'ดดดดด', 'ดดดด', '', '', '2025-02-19 09:17:31', 0, 0),
(73, 'ด', 'ดด', '', '', '2025-02-19 09:17:38', 0, 0),
(74, 'ด', 'ด', '', '', '2025-02-19 09:17:42', 0, 0),
(75, 'ด', 'ด', '', '', '2025-02-19 09:17:42', 1, 0),
(76, 'ด', 'ด', '', '', '2025-02-19 09:17:42', 1, 0),
(77, 'ด', 'ด', '', '', '2025-02-19 09:17:42', 1, 0),
(78, 'ดดดดด', 'ดดดด', '', '', '2025-02-19 09:17:31', 1, 0),
(79, 'ด', 'ดด', '', '', '2025-02-19 09:17:38', 1, 0),
(80, 'ด', 'ด', '', '', '2025-02-19 09:17:42', 1, 0),
(81, 'ด', 'ด', '', '', '2025-02-19 09:17:42', 1, 0),
(82, 'ด', 'ดด', '', '', '2025-02-19 09:17:38', 1, 0),
(83, 'ดดดดด', 'ดดดด', '', '', '2025-02-19 09:17:31', 1, 0),
(84, 'ด', 'ด', '', '', '2025-02-19 09:17:42', 1, 0),
(85, 'ดดดดด', 'ดดดด', '', '', '2025-02-19 09:17:31', 1, 0),
(86, 'ด', 'ดด', '', '', '2025-02-19 09:17:38', 1, 0),
(87, 'ด', 'ด', '', '', '2025-02-19 09:17:42', 1, 0),
(88, 'ด', 'ด', '', '', '2025-02-19 09:17:42', 1, 0),
(89, 'ด', 'ดด', '', '', '2025-02-19 09:17:38', 1, 0),
(90, 'ดดดดด', 'ดดดด', '', '', '2025-02-19 09:17:31', 1, 0),
(91, 'fghfg', 'fghfghf', 'img_67ab6f6a7b692.JPG', '', '2025-02-11 15:40:26', 1, 0),
(92, 'ด', 'ดด', '', '', '2025-02-19 09:17:38', 1, 0),
(93, 'ดดดดด', 'ดดดด', '', '', '2025-02-19 09:17:31', 1, 0),
(94, 'fgdh', 'fgh', 'img_6807508b6ddaa.png', '', '2025-04-22 08:17:15', 1, 0),
(95, 'erfer', 'erfrefre', 'img_680754a1aad60.png', '', '2025-04-22 08:34:41', 1, 0),
(96, 'CDP', 'iii', 'img_68078a0918653.jpg', 'pdf_68078a09199fd.pdf', '2025-04-22 12:22:33', 1, 0),
(97, 'CDP', '4543', '', '', '2025-04-24 03:38:15', 1, 0),
(98, 'CDP', '22233', 'img_6809e61601868.jpg', 'pdf_6809e61603115.pdf', '2025-04-24 07:19:20', 1, 0),
(99, 'CDPppp', 'retpppppp', 'img_680afd65b56ae.JPG', 'pdf_680afd65b7a46.pdf', '2025-04-25 03:01:55', 1, 0),
(100, 'dfgdf', 'dfgdfg', '', '', '2025-04-25 07:01:27', 1, 0),
(101, 'rdgtert', 'ertrete', 'img_68107ec0bf516.jpg', 'pdf_68107ec0bfe79.pdf', '2025-04-29 07:24:48', 1, 0),
(102, 'rdgtert', 'ertrete', 'img_68107ec0bf516.jpg', 'pdf_68107ec0bfe79.pdf', '2025-04-29 07:24:48', 1, 0),
(103, 'CDPประชุมสภาครั้งที่ 100', 'ทดสอบ', 'img_681333651be84.jpg', 'pdf_681333651c73a.pdf', '2025-05-01 08:40:05', 1, 0),
(104, 'CDPppp', 'กหอกอกห', 'img_68136a0d06fe4.png', 'pdf_68136a0d07363.pdf', '2025-05-01 12:33:17', 1, 0),
(105, 'รายงานประชุมสภาครั้งที่', 'ปอปแอ', '', '', '2025-05-01 12:04:50', 1, 0),
(106, 'CDPประชุมสภาครั้งที่ 100', 'ทดสอบ', 'img_681333651be84.jpg', 'pdf_681333651c73a.pdf', '2025-05-01 08:40:05', 1, 0),
(107, 'การประเมินความเสี่ยงการทุจริตในประเด็นที่เกี่ยวข้องกับสินบนประจําปีงบประมาณ2567', 'จำนวน 18 หน้า ผู้จัดทำ: เทศบาลนครพิษณุโลก ปี: 2567', 'img_67b5cceb307a7.png', 'pdf_67b5cceb30b5e.pdf', '2025-02-19 12:22:03', 1, 0),
(108, 'CDPppp', 'dgfb', 'img_6814451867013.jpg', 'pdf_681445248a896.pdf', '2025-05-02 04:07:52', 1, 0),
(109, 'CDPppp', 'dgfb', 'img_6814451867013.jpg', 'pdf_681445248a896.pdf', '2025-05-02 04:07:52', 1, 0),
(110, 'CDPppp', 'dgfb', 'img_6814451867013.jpg', 'pdf_681445248a896.pdf', '2025-05-02 04:07:52', 1, 0),
(111, 'กะเพะเ้ถ', '้ถัุุุ้่้่ึีุ่่', '', '', '2025-05-06 07:53:44', 1, 0),
(112, 'ทดสอบ', 'ทดสอบ', 'img_6819c406b0762.jpg', 'pdf_6819c406b0a1b.pdf', '2025-05-06 08:10:46', 1, 0),
(113, '67uh', 'กเะก', '', '', '2025-05-06 08:16:29', 1, 0),
(114, '47524', '456464', 'img_68342a4e23fe1.jpg', 'pdf_68342a4e24e18.pdf', '2025-05-26 08:46:06', 1, 0),
(115, '47524', '456464', 'img_68342a4e23fe1.jpg', 'pdf_68342a4e24e18.pdf', '2025-05-26 08:46:06', 1, 0),
(116, '67uh', 'กเะก', '', '', '2025-05-06 08:16:29', 1, 0),
(117, '47524', '456464', 'img_68342a4e23fe1.jpg', 'pdf_68342a4e24e18.pdf', '2025-05-26 08:46:06', 1, 0),
(118, 'หกด', 'werwerwr', 'img_68343b3fc5ccb.jpg', 'pdf_68343b3fc6a59.pdf', '2025-05-26 09:58:05', 1, 0),
(119, '47524', '456464', 'img_68342a4e23fe1.jpg', 'pdf_68342a4e24e18.pdf', '2025-05-26 08:46:06', 1, 0),
(120, '5', '54', 'img_68344633ebf3b.jpg', 'pdf_68344633ecd5e.pdf', '2025-05-26 10:45:07', 1, 0),
(121, 'การประเมินความเสี่ยงการทุจริตในประเด็นที่เกี่ยวข้องกับสินบนประจําปีงบประมาณ2567', 'จำนวน 18 หน้า ผู้จัดทำ: เทศบาลนครพิษณุโลก ปี: 2567', 'img_67b5cceb307a7.png', 'pdf_67b5cceb30b5e.pdf', '2025-02-19 12:22:03', 1, 0),
(122, 'กดเ', '', '', '', '2025-05-27 11:07:49', 1, 0),
(123, '', '', '', '', '2025-05-27 11:16:38', 1, 0),
(124, 'R', '', '', '', '2025-05-27 11:26:06', 1, 0),
(125, 'ภุถภุถภ', '', 'img_6835a4d933c51.png', 'pdf_6835a4d93444c.pdf', '2025-05-27 11:41:13', 1, 0),
(126, '', '', '', '', '2025-05-27 11:34:57', 1, 0),
(127, 'ว', '', '', 'pdf_6835a4716fcd4.pdf', '2025-05-27 11:26:34', 1, 0),
(128, 'Test', '', '', '', '2025-05-27 11:34:17', 1, 0),
(129, '้ดะก้ก้ะ้ดกัดั', '', '', '', '2025-05-27 11:32:19', 1, 0),
(130, '', '', '', '', '2025-05-27 11:42:34', 1, 0),
(131, 'ทดสอบ', 'ทดสอบ', 'img_6835a5af1d081.png', 'pdf_6835a5af1d69d.pdf', '2025-05-27 11:44:47', 1, 0),
(132, 'ทดสอบ', '', 'img_6835a5f6b9375.jpg', 'pdf_6835a5f6ba161.pdf', '2025-05-27 11:45:58', 1, 0),
(133, 'ทดสอบ', '', 'img_6835a70d793c8.png', 'pdf_6835a70d79aa1.pdf', '2025-05-27 11:50:37', 1, 0),
(134, 'ทดสอบ', 'ทดสอบ', 'img_6835a691e0424.jpg', '', '2025-05-27 11:48:33', 1, 0),
(135, 'ทดสอบ', '', 'img_6835abd596147.jpg', '', '2025-05-27 12:11:01', 1, 0),
(136, 'ทดสอบ', 'ทดสอบย', 'img_6835a99771646.png', 'pdf_6835a99771cbe.pdf', '2025-05-27 12:01:27', 1, 0),
(137, '', '', '', '', '2025-05-27 12:00:53', 1, 0),
(138, '', '', '', '', '2025-05-27 11:55:50', 1, 0),
(139, '', '', '', 'pdf_6835acb763328.pdf', '2025-05-27 12:14:47', 1, 0),
(140, '', '', '', '', '2025-05-27 12:25:18', 1, 0),
(141, '้พะั', 'ะัพ', '', '', '2025-05-27 12:19:19', 1, 0),
(142, 'ทดสอบ', '', '', '', '2025-05-27 12:37:19', 1, 0),
(143, 'ทดสอบ', '', 'img_6836ec8b235ab.jpg', 'pdf_6836ec8b243b2.pdf', '2025-05-28 10:59:23', 1, 0),
(144, 'การประเมินความเสี่ยงการทุจริตในประเด็นที่เกี่ยวข้องกับสินบนประจําปีงบประมาณ2567', 'จำนวน 18 หน้า ผู้จัดทำ: เทศบาลนครพิษณุโลก ปี: 2567', 'img_67b5cceb307a7.png', 'pdf_67b5cceb30b5e.pdf', '2025-02-19 12:22:03', 1, 0),
(145, 'try', 'try', '', '', '2025-05-30 04:03:32', 1, 0),
(146, 'ทดสอบ', 'tryrtyrtyrt', '', '', '2025-05-30 04:03:39', 1, 0),
(147, 'ทดสอบ', 'tryrtyrtyrt', '', '', '2025-05-30 04:03:39', 1, 0),
(148, 'ทดสอบ', '', '', '', '2025-05-30 05:17:39', 1, 0),
(149, 'ดเ', '', '', '', '2025-06-20 07:47:48', 1, 0),
(150, '11', '', '', 'pdf_68551b312fcf3.pdf', '2025-06-20 08:23:59', 1, 0),
(151, 'ทดสอบ', '', 'img_68551b650f5e8.png', 'pdf_68551b650f7f7.pdf', '2025-06-20 08:27:17', 1, 0),
(152, '', '', '', 'pdf_68551d84112da.pdf', '2025-06-20 08:36:20', 1, 0),
(153, 'ทดสอบ2', '122', 'img_6858f6e2a1762.png', 'pdf_6858f6e2a1977.pdf', '2025-06-23 06:40:34', 1, 0),
(154, '11', '', '', 'pdf_68551b312fcf3.pdf', '2025-06-20 08:23:59', 1, 0),
(155, '11', '', '', 'pdf_68551b312fcf3.pdf', '2025-06-20 08:23:59', 1, 0),
(156, 'เผยแพร่ความรู้เกี่ยวกับพระราชบัญยัติข้อมูลข่าวสารของราชการ พ.ศ.2540', '', '', 'pdf_6879c688cf69a.pdf', '2025-07-18 03:59:04', 1, 0);

-- --------------------------------------------------------

--
-- Table structure for table `login_logs`
--

CREATE TABLE `login_logs` (
  `id` int(11) NOT NULL,
  `user_id` int(11) NOT NULL,
  `username` varchar(50) NOT NULL,
  `role` enum('user','admin') NOT NULL,
  `login_time` datetime NOT NULL,
  `logout_time` datetime DEFAULT NULL,
  `duration` int(11) DEFAULT NULL,
  `session_period` varchar(255) DEFAULT NULL,
  `ip_address` varchar(45) NOT NULL,
  `logout_reason` enum('manual','auto_inactivity') DEFAULT NULL
) ENGINE=InnoDB DEFAULT CHARSET=utf8mb4 COLLATE=utf8mb4_general_ci;

--
-- Dumping data for table `login_logs`
--

INSERT INTO `login_logs` (`id`, `user_id`, `username`, `role`, `login_time`, `logout_time`, `duration`, `session_period`, `ip_address`, `logout_reason`) VALUES
(1, 2, 'user1', 'user', '2025-07-22 08:40:56', '2025-07-22 08:41:18', 22, '2025-07-22 08:40:56 - 2025-07-22 08:41:18', '', NULL),
(2, 4, 'admin3', 'admin', '2025-07-22 08:41:58', '2025-07-22 08:45:21', 778, '2025-07-22 08:32:23 - 2025-07-22 08:45:21', '', NULL),
(3, 4, 'admin3', 'admin', '2025-07-22 08:45:25', '2025-07-22 08:46:43', 78, '2025-07-22 08:45:25 - 2025-07-22 08:46:43', '::1', NULL),
(4, 4, 'admin3', 'admin', '2025-07-22 08:46:53', '2025-07-22 08:51:59', 306, '2025-07-22 08:46:53 - 2025-07-22 08:51:59', '::1', NULL),
(5, 4, 'admin3', 'admin', '2025-07-22 08:52:07', '2025-07-22 09:03:58', 711, '2025-07-22 08:52:07 - 2025-07-22 09:03:58', '::1', 'manual'),
(6, 2, 'user1', 'user', '2025-07-22 09:04:05', '2025-07-22 09:28:47', 523, '2025-07-22 09:20:04 - 2025-07-22 09:28:47', '::1', 'manual'),
(7, 4, 'admin3', 'admin', '2025-07-22 09:04:27', '2025-07-22 09:12:08', 461, '2025-07-22 09:04:27 - 2025-07-22 09:12:08', '::1', 'manual'),
(8, 4, 'admin3', 'admin', '2025-07-22 09:12:55', '2025-07-22 09:29:42', 599, '2025-07-22 09:19:43 - 2025-07-22 09:29:42', '::1', 'auto_inactivity'),
(9, 2, 'user1', 'user', '2025-07-22 09:19:24', '2025-07-22 09:28:47', 523, '2025-07-22 09:20:04 - 2025-07-22 09:28:47', '::1', 'manual'),
(10, 4, 'admin3', 'admin', '2025-07-22 09:19:43', '2025-07-22 09:29:42', 599, '2025-07-22 09:19:43 - 2025-07-22 09:29:42', '::1', 'auto_inactivity'),
(11, 2, 'user1', 'user', '2025-07-22 09:20:04', '2025-07-22 09:28:47', 523, '2025-07-22 09:20:04 - 2025-07-22 09:28:47', '::1', 'manual'),
(12, 2, 'user1', 'user', '2025-07-22 09:28:53', '2025-07-22 09:42:54', 5, '2025-07-22 09:42:49 - 2025-07-22 09:42:54', '::1', 'manual'),
(13, 2, 'user1', 'user', '2025-07-22 09:42:49', '2025-07-22 09:42:54', 5, '2025-07-22 09:42:49 - 2025-07-22 09:42:54', '::1', 'manual'),
(14, 4, 'admin3', 'admin', '2025-07-22 09:42:57', '2025-07-22 09:45:07', 130, '2025-07-22 09:42:57 - 2025-07-22 09:45:07', '::1', 'manual'),
(15, 4, 'admin3', 'admin', '2025-07-22 09:45:24', '2025-07-22 09:46:37', 73, '2025-07-22 09:45:24 - 2025-07-22 09:46:37', '::1', 'auto_inactivity'),
(16, 2, 'user1', 'user', '2025-07-22 09:45:51', '2025-07-22 09:57:24', 693, '2025-07-22 09:45:51 - 2025-07-22 09:57:24', '::1', 'auto_inactivity'),
(17, 4, 'admin3', 'admin', '2025-07-22 09:50:15', '2025-07-22 09:51:19', 64, '2025-07-22 09:50:15 - 2025-07-22 09:51:19', '::1', 'auto_inactivity'),
(18, 2, 'user1', 'user', '2025-07-25 12:23:08', '2025-07-25 12:23:11', 3, '2025-07-25 12:23:08 - 2025-07-25 12:23:11', '223.207.225.182', 'manual'),
(19, 4, 'admin3', 'admin', '2025-07-25 12:23:20', '2025-07-25 12:24:55', 95, '2025-07-25 12:23:20 - 2025-07-25 12:24:55', '223.207.225.182', 'auto_inactivity'),
(20, 2, 'user1', 'user', '2025-07-25 12:38:52', '2025-07-25 12:40:34', 102, '2025-07-25 12:38:52 - 2025-07-25 12:40:34', '223.207.225.182', 'auto_inactivity'),
(21, 2, 'user1', 'user', '2025-07-25 15:02:13', '2025-07-25 15:09:35', 442, '2025-07-25 15:02:13 - 2025-07-25 15:09:35', '223.207.225.182', 'manual'),
(22, 4, 'admin3', 'admin', '2025-07-30 10:44:46', '2025-07-30 10:47:00', 134, '2025-07-30 10:44:46 - 2025-07-30 10:47:00', '223.207.225.182', 'auto_inactivity'),
(23, 18, 'kookai', 'user', '2025-08-14 15:35:29', NULL, NULL, NULL, '223.207.227.154', NULL),
(24, 4, 'admin3', 'admin', '2025-08-29 11:42:48', '2025-08-29 13:02:42', 146, '2025-08-29 13:00:16 - 2025-08-29 13:02:42', '223.205.93.41', 'auto_inactivity'),
(25, 4, 'admin3', 'admin', '2025-08-29 13:00:16', '2025-08-29 13:02:42', 146, '2025-08-29 13:00:16 - 2025-08-29 13:02:42', '223.205.93.41', 'auto_inactivity'),
(26, 4, 'admin3', 'admin', '2025-08-29 13:12:04', '2025-08-29 13:14:10', 126, '2025-08-29 13:12:04 - 2025-08-29 13:14:10', '223.205.93.41', 'auto_inactivity'),
(27, 4, 'admin3', 'admin', '2025-08-29 13:40:33', '2025-08-29 13:47:20', 407, '2025-08-29 13:40:33 - 2025-08-29 13:47:20', '223.205.93.41', 'auto_inactivity'),
(28, 4, 'admin3', 'admin', '2025-08-29 13:47:52', '2025-08-29 13:49:00', 68, '2025-08-29 13:47:52 - 2025-08-29 13:49:00', '223.205.93.41', 'auto_inactivity'),
(29, 4, 'admin3', 'admin', '2025-08-29 13:50:50', '2025-08-29 13:52:17', 87, '2025-08-29 13:50:50 - 2025-08-29 13:52:17', '223.205.93.41', 'auto_inactivity'),
(30, 4, 'admin3', 'admin', '2025-08-29 14:52:07', '2025-08-29 15:01:45', 578, '2025-08-29 14:52:07 - 2025-08-29 15:01:45', '223.205.93.41', 'manual'),
(31, 4, 'admin3', 'admin', '2025-08-29 15:01:57', '2025-08-29 15:01:58', 1, '2025-08-29 15:01:57 - 2025-08-29 15:01:58', '223.205.93.41', 'manual'),
(32, 4, 'admin3', 'admin', '2025-08-29 15:02:03', '2025-08-29 15:02:05', 2, '2025-08-29 15:02:03 - 2025-08-29 15:02:05', '223.205.93.41', 'manual'),
(33, 4, 'admin3', 'admin', '2025-08-29 15:02:11', '2025-08-29 15:02:12', 1, '2025-08-29 15:02:11 - 2025-08-29 15:02:12', '223.205.93.41', 'manual'),
(34, 4, 'admin3', 'admin', '2025-09-12 13:57:58', '2025-09-12 14:03:32', 334, '2025-09-12 13:57:58 - 2025-09-12 14:03:32', '223.206.2.161', 'auto_inactivity'),
(35, 4, 'admin3', 'admin', '2025-09-29 13:34:51', NULL, NULL, NULL, '223.205.0.178', NULL);

-- --------------------------------------------------------

--
-- Table structure for table `pending_users`
--

CREATE TABLE `pending_users` (
  `id` int(11) NOT NULL,
  `username` varchar(255) NOT NULL,
  `password` varchar(255) NOT NULL,
  `role` enum('user','admin') DEFAULT 'user',
  `created_at` timestamp NOT NULL DEFAULT current_timestamp()
) ENGINE=InnoDB DEFAULT CHARSET=utf8mb4 COLLATE=utf8mb4_general_ci;

--
-- Dumping data for table `pending_users`
--

INSERT INTO `pending_users` (`id`, `username`, `password`, `role`, `created_at`) VALUES
(10, 'test', '$2y$10$SJ/xkYw40/W/fyuHlXxLnusVSHXC.ZTrObeq1JDAzmEJ8rVY2c9ru', 'user', '2025-05-30 05:20:06'),
(11, 'admin', '$2y$10$KsrmDHOZPVLnRZgLKQbIue7plRZwzdVhRWclOZXM3lwyFy/TLEs6e', 'user', '2025-05-30 05:28:00');

-- --------------------------------------------------------

--
-- Table structure for table `users`
--

CREATE TABLE `users` (
  `id` int(11) NOT NULL,
  `username` varchar(50) NOT NULL,
  `password` varchar(255) NOT NULL,
  `role` enum('admin','user') NOT NULL DEFAULT 'user'
) ENGINE=InnoDB DEFAULT CHARSET=utf8mb4 COLLATE=utf8mb4_general_ci;

--
-- Dumping data for table `users`
--

INSERT INTO `users` (`id`, `username`, `password`, `role`) VALUES
(2, 'user1', '$2y$10$4nn/SieBD0a67.dBrWOxwO4PVkPUBcHXmHVrDgNAm2SiFi8Sz9Ou6', 'user'),
(4, 'admin3', '$2y$10$evUe.3/IMNI00628iOYOT.POqr.AVnX06OFBs6u6X.XffUZ6Vbzea', 'admin'),
(17, 'mypiis', '$2y$10$t0A/qFE3Miped/jiqptWbOj4GtaOIssAVmqLcGrBwxFqlrjhbV0gK', 'admin'),
(18, 'kookai', '$2y$10$zjC4h6Hamp0IOvQCgLbSGuovi8Xj3qHY..xXJTLdrh5S2shdqCpei', 'user');

-- --------------------------------------------------------

--
-- Table structure for table `visitors`
--

CREATE TABLE `visitors` (
  `id` int(11) NOT NULL,
  `visit_date` date NOT NULL,
  `visit_month` int(11) NOT NULL,
  `visit_year` int(11) NOT NULL,
  `visit_time` time NOT NULL,
  `ip_address` varchar(45) NOT NULL,
  `count` int(11) DEFAULT 1
) ENGINE=InnoDB DEFAULT CHARSET=utf8mb4 COLLATE=utf8mb4_general_ci;

--
-- Dumping data for table `visitors`
--

INSERT INTO `visitors` (`id`, `visit_date`, `visit_month`, `visit_year`, `visit_time`, `ip_address`, `count`) VALUES
(1, '2024-10-17', 10, 2024, '16:00:53', '127.0.0.1', 300),
(2, '2024-10-30', 10, 2024, '18:29:24', '::1', 6),
(3, '2024-10-31', 10, 2024, '17:34:05', '::1', 102),
(4, '2024-11-05', 11, 2024, '22:57:06', '::1', 5),
(5, '2024-11-11', 11, 2024, '23:31:28', '::1', 56),
(6, '2024-11-26', 11, 2024, '18:25:15', '::1', 11),
(7, '2024-12-02', 12, 2024, '19:51:44', '::1', 11),
(8, '2024-12-11', 12, 2024, '10:33:24', '::1', 10),
(9, '2024-12-12', 12, 2024, '16:39:42', '::1', 4),
(10, '2025-01-06', 1, 2025, '14:09:30', '::1', 34),
(11, '2025-01-08', 1, 2025, '19:17:27', '::1', 9),
(12, '2025-01-10', 1, 2025, '10:41:18', '::1', 1),
(13, '2025-01-22', 1, 2025, '16:07:44', '::1', 3),
(14, '2025-01-23', 1, 2025, '12:57:34', '::1', 47),
(15, '2025-01-30', 1, 2025, '17:16:16', '::1', 31),
(16, '2025-02-13', 2, 2025, '09:46:10', '::1', 12),
(17, '2025-02-14', 2, 2025, '17:07:58', '::1', 1),
(18, '2025-02-18', 2, 2025, '10:50:48', '::1', 1),
(19, '2025-02-19', 2, 2025, '19:27:51', '::1', 5),
(20, '2025-03-07', 3, 2025, '16:51:17', '::1', 1),
(21, '2025-03-12', 3, 2025, '16:19:26', '::1', 2),
(22, '2025-03-13', 3, 2025, '14:09:21', '::1', 9),
(23, '2025-03-24', 3, 2025, '09:23:49', '::1', 6),
(24, '2025-04-03', 4, 2025, '13:25:46', '::1', 14),
(25, '2025-04-08', 4, 2025, '12:33:35', '::1', 1),
(26, '2025-04-21', 4, 2025, '15:53:56', '::1', 48),
(27, '2025-04-22', 4, 2025, '09:29:54', '::1', 1),
(28, '2025-04-22', 4, 2025, '19:14:26', '223.207.226.236', 76),
(29, '2025-04-22', 4, 2025, '15:48:31', '147.92.179.107', 1),
(30, '2025-04-22', 4, 2025, '15:48:35', '147.92.179.110', 1),
(31, '2025-04-22', 4, 2025, '20:30:55', '147.92.179.111', 1),
(32, '2025-04-22', 4, 2025, '20:31:30', '223.207.239.28', 1),
(33, '2025-04-22', 4, 2025, '23:02:10', '223.205.0.211', 8),
(34, '2025-04-23', 4, 2025, '16:35:55', '61.19.23.94', 14),
(35, '2025-04-23', 4, 2025, '17:57:17', '1.46.137.196', 13),
(36, '2025-04-23', 4, 2025, '21:22:13', '147.92.179.107', 1),
(37, '2025-04-23', 4, 2025, '21:39:00', '223.205.0.211', 8),
(38, '2025-04-24', 4, 2025, '14:28:20', '61.19.23.94', 37),
(39, '2025-04-24', 4, 2025, '15:50:16', '1.46.139.75', 46),
(40, '2025-04-24', 4, 2025, '14:57:50', '147.92.179.109', 1),
(41, '2025-04-24', 4, 2025, '20:34:25', '223.205.0.211', 14),
(42, '2025-04-24', 4, 2025, '18:21:46', '147.92.179.117', 1),
(43, '2025-04-24', 4, 2025, '18:29:26', '147.92.179.105', 1),
(44, '2025-04-24', 4, 2025, '18:39:37', '171.97.183.250', 2),
(45, '2025-04-24', 4, 2025, '18:33:46', '147.92.179.110', 1),
(46, '2025-04-24', 4, 2025, '18:39:26', '147.92.179.112', 1),
(47, '2025-04-25', 4, 2025, '15:02:14', '61.19.23.94', 58),
(48, '2025-04-25', 4, 2025, '10:36:02', '147.92.179.110', 1),
(49, '2025-04-25', 4, 2025, '13:39:11', '1.46.134.32', 1),
(50, '2025-04-25', 4, 2025, '14:20:23', '54.77.126.229', 1),
(51, '2025-04-25', 4, 2025, '16:18:47', '223.207.226.174', 13),
(52, '2025-04-25', 4, 2025, '17:03:02', '111.7.96.168', 2),
(53, '2025-04-25', 4, 2025, '20:57:01', '213.209.150.198', 1),
(54, '2025-04-26', 4, 2025, '10:38:47', '15.235.228.75', 3),
(55, '2025-04-26', 4, 2025, '09:18:56', '198.235.24.6', 1),
(56, '2025-04-26', 4, 2025, '12:30:38', '223.207.239.28', 1),
(57, '2025-04-26', 4, 2025, '13:58:05', '147.92.179.105', 1),
(58, '2025-04-26', 4, 2025, '16:50:35', '113.190.139.92', 1),
(59, '2025-04-26', 4, 2025, '19:30:55', '1.2.170.100', 1),
(60, '2025-04-26', 4, 2025, '20:32:04', '147.92.179.110', 1),
(61, '2025-04-27', 4, 2025, '01:00:22', '198.235.24.27', 1),
(62, '2025-04-27', 4, 2025, '05:59:42', '205.210.31.30', 1),
(63, '2025-04-27', 4, 2025, '07:05:04', '205.210.31.161', 1),
(64, '2025-04-27', 4, 2025, '21:25:41', '57.141.2.14', 1),
(65, '2025-04-28', 4, 2025, '05:07:30', '66.249.74.107', 2),
(66, '2025-04-28', 4, 2025, '07:15:54', '198.235.24.167', 1),
(67, '2025-04-28', 4, 2025, '09:32:35', '205.210.31.139', 1),
(68, '2025-04-28', 4, 2025, '13:41:49', '147.92.179.114', 1),
(69, '2025-04-28', 4, 2025, '18:10:22', '3.253.10.6', 1),
(70, '2025-04-28', 4, 2025, '18:10:22', '52.17.11.71', 1),
(71, '2025-04-28', 4, 2025, '19:03:55', '195.20.18.145', 1),
(72, '2025-04-28', 4, 2025, '20:25:04', '223.207.231.169', 1),
(73, '2025-04-29', 4, 2025, '02:34:54', '35.90.58.206', 1),
(74, '2025-04-29', 4, 2025, '02:34:55', '54.190.181.244', 1),
(75, '2025-04-29', 4, 2025, '02:34:58', '34.209.250.234', 1),
(76, '2025-04-29', 4, 2025, '08:08:26', '194.233.93.180', 3),
(77, '2025-04-29', 4, 2025, '09:18:45', '34.244.144.11', 1),
(78, '2025-04-29', 4, 2025, '14:23:03', '223.207.231.204', 32),
(79, '2025-04-29', 4, 2025, '10:46:15', '34.252.13.1', 1),
(80, '2025-04-29', 4, 2025, '10:58:02', '147.92.179.106', 1),
(81, '2025-04-29', 4, 2025, '12:16:55', '18.201.239.88', 1),
(82, '2025-04-29', 4, 2025, '13:23:27', '3.255.81.243', 1),
(83, '2025-04-29', 4, 2025, '13:31:59', '78.138.117.158', 1),
(84, '2025-04-29', 4, 2025, '13:41:27', '123.160.223.72', 1),
(85, '2025-04-29', 4, 2025, '13:41:36', '185.126.82.201', 2),
(86, '2025-04-30', 4, 2025, '10:54:56', '147.92.179.108', 1),
(87, '2025-04-30', 4, 2025, '17:34:12', '3.254.193.174', 1),
(88, '2025-04-30', 4, 2025, '17:34:14', '63.32.103.40', 1),
(89, '2025-04-30', 4, 2025, '20:31:06', '63.35.176.70', 1),
(90, '2025-05-01', 5, 2025, '09:42:13', '147.92.179.115', 1),
(91, '2025-05-01', 5, 2025, '14:37:50', '52.210.79.198', 1),
(92, '2025-05-01', 5, 2025, '14:39:10', '184.22.230.107', 5),
(93, '2025-05-01', 5, 2025, '22:16:48', '223.207.231.204', 110),
(94, '2025-05-01', 5, 2025, '19:12:56', '1.192.192.8', 1),
(95, '2025-05-01', 5, 2025, '21:04:09', '1.46.153.237', 1),
(96, '2025-05-01', 5, 2025, '22:19:35', '1.47.129.135', 1),
(97, '2025-05-01', 5, 2025, '22:47:05', '49.48.200.149', 2),
(98, '2025-05-02', 5, 2025, '15:48:34', '223.207.231.204', 56),
(99, '2025-05-02', 5, 2025, '09:55:33', '223.207.251.146', 1),
(100, '2025-05-02', 5, 2025, '20:01:21', '1.2.165.239', 1),
(101, '2025-05-03', 5, 2025, '16:52:59', '1.2.165.239', 2),
(102, '2025-05-03', 5, 2025, '19:22:47', '52.211.217.150', 1),
(103, '2025-05-05', 5, 2025, '16:35:18', '1.2.165.16', 2),
(104, '2025-05-06', 5, 2025, '18:42:37', '223.207.227.244', 18),
(105, '2025-05-06', 5, 2025, '19:43:18', '223.207.251.92', 64),
(106, '2025-05-07', 5, 2025, '10:13:23', '223.207.251.92', 4),
(107, '2025-05-08', 5, 2025, '02:25:24', '147.92.179.117', 1),
(108, '2025-05-08', 5, 2025, '13:16:49', '223.207.231.136', 2),
(109, '2025-05-09', 5, 2025, '10:02:34', '135.148.100.196', 1),
(110, '2025-05-10', 5, 2025, '02:06:39', '103.104.177.253', 1),
(111, '2025-05-11', 5, 2025, '13:48:33', '49.228.110.183', 2),
(112, '2025-05-11', 5, 2025, '15:32:33', '54.216.215.194', 1),
(113, '2025-05-11', 5, 2025, '15:43:17', '63.32.118.104', 1),
(114, '2025-05-11', 5, 2025, '15:43:19', '34.253.223.88', 1),
(115, '2025-05-13', 5, 2025, '04:34:46', '34.222.208.210', 1),
(116, '2025-05-13', 5, 2025, '09:37:35', '3.252.66.229', 1),
(117, '2025-05-13', 5, 2025, '09:37:36', '34.240.11.85', 1),
(118, '2025-05-13', 5, 2025, '10:12:29', '223.207.231.136', 2),
(119, '2025-05-14', 5, 2025, '09:59:20', '203.156.25.190', 3),
(120, '2025-05-15', 5, 2025, '10:08:45', '147.92.179.114', 1),
(121, '2025-05-15', 5, 2025, '12:36:23', '147.92.179.107', 1),
(122, '2025-05-15', 5, 2025, '18:27:42', '122.51.242.63', 1),
(123, '2025-05-16', 5, 2025, '09:52:35', '3.251.239.35', 1),
(124, '2025-05-16', 5, 2025, '09:52:37', '54.73.214.175', 1),
(125, '2025-05-16', 5, 2025, '16:07:40', '223.207.236.91', 1),
(126, '2025-05-17', 5, 2025, '00:42:02', '51.81.46.212', 1),
(127, '2025-05-17', 5, 2025, '01:01:27', '51.222.44.188', 1),
(128, '2025-05-17', 5, 2025, '21:50:42', '223.207.236.91', 1),
(129, '2025-05-18', 5, 2025, '19:19:03', '34.255.214.208', 1),
(130, '2025-05-18', 5, 2025, '19:19:05', '54.78.249.20', 1),
(131, '2025-05-18', 5, 2025, '20:54:48', '54.78.21.22', 1),
(132, '2025-05-19', 5, 2025, '08:47:32', '223.207.250.186', 1),
(133, '2025-05-19', 5, 2025, '11:46:03', '223.207.237.167', 4),
(134, '2025-05-19', 5, 2025, '19:16:06', '202.28.103.97', 2),
(135, '2025-05-20', 5, 2025, '03:10:41', '66.249.66.44', 1),
(136, '2025-05-20', 5, 2025, '08:09:58', '66.249.66.195', 1),
(137, '2025-05-20', 5, 2025, '08:10:22', '66.249.66.160', 1),
(138, '2025-05-20', 5, 2025, '08:10:23', '66.249.66.169', 1),
(139, '2025-05-20', 5, 2025, '16:08:14', '66.249.66.70', 1),
(140, '2025-05-20', 5, 2025, '17:47:57', '18.201.176.77', 1),
(141, '2025-05-20', 5, 2025, '17:48:01', '3.255.111.22', 1),
(142, '2025-05-20', 5, 2025, '22:43:35', '147.92.179.109', 1),
(143, '2025-05-20', 5, 2025, '23:39:25', '66.249.68.70', 1),
(144, '2025-05-21', 5, 2025, '11:47:42', '223.207.237.167', 2),
(145, '2025-05-21', 5, 2025, '13:10:29', '66.249.71.69', 1),
(146, '2025-05-22', 5, 2025, '11:22:05', '66.249.71.67', 1),
(147, '2025-05-22', 5, 2025, '20:29:34', '49.228.117.243', 1),
(148, '2025-05-23', 5, 2025, '10:23:11', '147.92.179.115', 1),
(149, '2025-05-23', 5, 2025, '11:24:58', '147.92.179.114', 1),
(150, '2025-05-23', 5, 2025, '12:31:43', '223.207.237.52', 4),
(151, '2025-05-23', 5, 2025, '11:54:20', '223.207.236.2', 2),
(152, '2025-05-23', 5, 2025, '13:07:54', '118.172.34.102', 1),
(153, '2025-05-23', 5, 2025, '14:03:50', '182.232.239.249', 1),
(154, '2025-05-23', 5, 2025, '20:04:06', '205.210.31.23', 1),
(155, '2025-05-24', 5, 2025, '00:01:04', '167.99.186.250', 2),
(156, '2025-05-24', 5, 2025, '00:34:29', '101.199.254.207', 1),
(157, '2025-05-24', 5, 2025, '00:39:35', '205.210.31.56', 1),
(158, '2025-05-24', 5, 2025, '03:40:57', '66.249.70.167', 1),
(159, '2025-05-24', 5, 2025, '08:38:33', '66.249.70.166', 1),
(160, '2025-05-25', 5, 2025, '16:59:05', '198.235.24.177', 1),
(161, '2025-05-26', 5, 2025, '02:52:08', '167.99.186.250', 2),
(162, '2025-05-26', 5, 2025, '20:24:11', '223.207.237.52', 7),
(163, '2025-05-26', 5, 2025, '12:02:35', '198.235.24.174', 1),
(164, '2025-05-26', 5, 2025, '21:00:14', '223.207.236.2', 20),
(165, '2025-05-26', 5, 2025, '22:30:09', '223.205.166.163', 3),
(166, '2025-05-27', 5, 2025, '11:27:56', '223.207.237.52', 3),
(167, '2025-05-27', 5, 2025, '11:55:34', '40.77.167.55', 1),
(168, '2025-05-27', 5, 2025, '16:08:37', '54.38.154.186', 2),
(169, '2025-05-27', 5, 2025, '14:30:09', '45.134.225.250', 1),
(170, '2025-05-27', 5, 2025, '19:41:52', '223.207.236.2', 8),
(171, '2025-05-27', 5, 2025, '20:05:52', '223.207.230.174', 3),
(172, '2025-05-28', 5, 2025, '18:36:22', '223.207.237.52', 69),
(173, '2025-05-28', 5, 2025, '09:50:03', '118.174.65.50', 1),
(174, '2025-05-28', 5, 2025, '18:20:38', '223.207.224.80', 17),
(175, '2025-05-28', 5, 2025, '12:32:09', '198.235.24.10', 1),
(176, '2025-05-28', 5, 2025, '13:57:46', '1.20.140.86', 1),
(177, '2025-05-28', 5, 2025, '15:37:22', '63.33.68.100', 1),
(178, '2025-05-28', 5, 2025, '15:43:05', '147.92.179.113', 1),
(179, '2025-05-28', 5, 2025, '15:43:05', '147.92.179.109', 1),
(180, '2025-05-28', 5, 2025, '15:51:26', '147.92.179.111', 1),
(181, '2025-05-28', 5, 2025, '17:39:58', '223.207.246.209', 2),
(182, '2025-05-28', 5, 2025, '19:33:58', '223.205.166.163', 1),
(183, '2025-05-28', 5, 2025, '21:16:00', '147.92.179.114', 2),
(184, '2025-05-28', 5, 2025, '20:25:14', '184.22.34.41', 1),
(185, '2025-05-28', 5, 2025, '20:59:10', '184.22.228.15', 1),
(186, '2025-05-28', 5, 2025, '21:00:54', '10.252.14.2', 2),
(187, '2025-05-29', 5, 2025, '07:51:47', '123.6.49.9', 1),
(188, '2025-05-29', 5, 2025, '08:58:04', '40.77.167.32', 1),
(189, '2025-05-29', 5, 2025, '09:30:52', '203.156.110.17', 3),
(190, '2025-05-29', 5, 2025, '09:16:18', '147.92.179.108', 1),
(191, '2025-05-29', 5, 2025, '09:24:37', '147.92.179.112', 1),
(192, '2025-05-29', 5, 2025, '14:47:48', '223.207.247.202', 12),
(193, '2025-05-29', 5, 2025, '09:35:31', '40.77.167.55', 1),
(194, '2025-05-29', 5, 2025, '09:59:16', '40.77.167.69', 1),
(195, '2025-05-29', 5, 2025, '10:42:01', '154.3.62.13', 1),
(196, '2025-05-29', 5, 2025, '14:50:30', '223.207.224.80', 17),
(197, '2025-05-29', 5, 2025, '14:45:27', '147.92.179.110', 1),
(198, '2025-05-29', 5, 2025, '14:45:30', '27.55.70.38', 1),
(199, '2025-05-30', 5, 2025, '08:52:44', '182.53.148.89', 1),
(200, '2025-05-30', 5, 2025, '14:47:32', '223.207.224.80', 33),
(201, '2025-05-30', 5, 2025, '11:43:46', '3.252.69.70', 1),
(202, '2025-05-30', 5, 2025, '13:34:12', '159.192.136.230', 1),
(203, '2025-05-30', 5, 2025, '15:33:37', '52.255.111.95', 1),
(204, '2025-05-30', 5, 2025, '15:38:45', '223.207.247.202', 1),
(205, '2025-05-30', 5, 2025, '15:55:04', '52.255.111.91', 1),
(206, '2025-05-30', 5, 2025, '15:55:07', '66.249.71.7', 1),
(207, '2025-05-30', 5, 2025, '15:55:08', '66.249.71.8', 1),
(208, '2025-05-30', 5, 2025, '21:00:14', '198.235.24.120', 1),
(209, '2025-05-30', 5, 2025, '22:21:47', '223.207.248.108', 1),
(210, '2025-05-31', 5, 2025, '00:33:15', '40.77.167.67', 1),
(211, '2025-05-31', 5, 2025, '09:43:25', '52.167.144.16', 1),
(212, '2025-05-31', 5, 2025, '15:44:40', '49.228.110.100', 1),
(213, '2025-05-31', 5, 2025, '20:54:52', '205.210.31.147', 1),
(214, '2025-06-01', 6, 2025, '04:17:05', '198.235.24.8', 1),
(215, '2025-06-01', 6, 2025, '10:43:19', '172.178.141.138', 1),
(216, '2025-06-01', 6, 2025, '15:35:07', '49.237.36.88', 1),
(217, '2025-06-02', 6, 2025, '04:42:12', '40.77.167.247', 1),
(218, '2025-06-02', 6, 2025, '14:29:32', '198.235.24.167', 1),
(219, '2025-06-02', 6, 2025, '21:21:53', '103.119.16.205', 2),
(220, '2025-06-02', 6, 2025, '21:33:01', '40.77.167.123', 1),
(221, '2025-06-03', 6, 2025, '07:55:52', '52.167.144.18', 1),
(222, '2025-06-03', 6, 2025, '17:59:40', '52.167.144.169', 1),
(223, '2025-06-03', 6, 2025, '19:29:39', '34.241.115.21', 1),
(224, '2025-06-03', 6, 2025, '19:31:20', '223.207.248.108', 1),
(225, '2025-06-03', 6, 2025, '21:19:40', '103.119.16.205', 12),
(226, '2025-06-04', 6, 2025, '01:08:31', '103.119.16.205', 9),
(227, '2025-06-04', 6, 2025, '00:56:00', '40.77.167.241', 1),
(228, '2025-06-04', 6, 2025, '09:12:25', '147.92.179.112', 1),
(229, '2025-06-04', 6, 2025, '09:41:37', '52.167.144.169', 1),
(230, '2025-06-04', 6, 2025, '09:44:19', '223.207.247.202', 1),
(231, '2025-06-19', 6, 2025, '10:44:05', '223.207.227.225', 2),
(232, '2025-06-20', 6, 2025, '16:39:29', '223.207.227.225', 17),
(233, '2025-06-20', 6, 2025, '14:33:53', '147.92.179.118', 1),
(234, '2025-06-20', 6, 2025, '15:12:58', '18.202.196.32', 1),
(235, '2025-06-20', 6, 2025, '15:29:40', '147.92.179.116', 1),
(236, '2025-06-20', 6, 2025, '16:15:12', '147.92.179.108', 1),
(237, '2025-06-20', 6, 2025, '16:16:54', '147.92.179.105', 1),
(238, '2025-06-20', 6, 2025, '18:24:49', '207.46.13.64', 1),
(239, '2025-06-21', 6, 2025, '03:58:05', '207.46.13.7', 1),
(240, '2025-06-21', 6, 2025, '04:45:17', '52.167.144.169', 1),
(241, '2025-06-21', 6, 2025, '10:10:27', '52.167.144.156', 1),
(242, '2025-06-21', 6, 2025, '19:29:39', '40.77.167.51', 1),
(243, '2025-06-21', 6, 2025, '23:59:34', '40.77.167.73', 1),
(244, '2025-06-22', 6, 2025, '08:59:14', '40.77.167.241', 1),
(245, '2025-06-22', 6, 2025, '17:47:35', '40.77.167.13', 1),
(246, '2025-06-22', 6, 2025, '20:39:00', '52.167.144.216', 1),
(247, '2025-06-23', 6, 2025, '02:56:36', '52.167.144.145', 1),
(248, '2025-06-23', 6, 2025, '11:13:21', '66.249.79.6', 1),
(249, '2025-06-23', 6, 2025, '11:13:22', '66.249.79.7', 1),
(250, '2025-06-23', 6, 2025, '13:42:04', '223.207.227.225', 7),
(251, '2025-06-23', 6, 2025, '17:26:08', '52.167.144.158', 1),
(252, '2025-06-24', 6, 2025, '02:52:01', '52.167.144.183', 1),
(253, '2025-06-24', 6, 2025, '20:50:52', '52.167.144.220', 1),
(254, '2025-06-24', 6, 2025, '21:41:42', '98.159.43.114', 1),
(255, '2025-06-25', 6, 2025, '00:40:34', '45.201.216.196', 3),
(256, '2025-06-25', 6, 2025, '01:54:41', '52.167.144.160', 1),
(257, '2025-06-25', 6, 2025, '14:23:10', '223.207.227.225', 1),
(258, '2025-06-25', 6, 2025, '14:44:32', '52.167.144.225', 1),
(259, '2025-06-25', 6, 2025, '17:51:23', '98.159.43.136', 1),
(260, '2025-06-26', 6, 2025, '15:13:14', '66.249.69.163', 1),
(261, '2025-06-26', 6, 2025, '15:13:14', '66.249.69.162', 1),
(262, '2025-06-26', 6, 2025, '21:03:42', '122.154.93.57', 6),
(263, '2025-06-27', 6, 2025, '23:06:29', '122.154.93.57', 26),
(264, '2025-06-27', 6, 2025, '09:27:41', '91.92.46.236', 1),
(265, '2025-06-27', 6, 2025, '11:03:55', '223.207.250.121', 5),
(266, '2025-06-28', 6, 2025, '22:24:51', '122.154.93.57', 13),
(267, '2025-06-28', 6, 2025, '14:35:47', '98.159.43.156', 1),
(268, '2025-06-29', 6, 2025, '20:56:01', '122.154.93.57', 16),
(269, '2025-06-29', 6, 2025, '04:43:39', '52.167.144.202', 1),
(270, '2025-06-29', 6, 2025, '13:36:32', '192.178.4.98', 1),
(271, '2025-06-29', 6, 2025, '13:36:32', '192.178.4.97', 1),
(272, '2025-06-29', 6, 2025, '15:57:24', '40.77.167.33', 1),
(273, '2025-06-30', 6, 2025, '12:23:49', '122.154.93.57', 14),
(274, '2025-07-01', 7, 2025, '13:38:03', '203.113.0.233', 1),
(275, '2025-07-01', 7, 2025, '16:46:32', '52.230.164.189', 1),
(276, '2025-07-01', 7, 2025, '16:47:55', '172.182.193.82', 1),
(277, '2025-07-01', 7, 2025, '16:48:37', '20.171.207.32', 1),
(278, '2025-07-02', 7, 2025, '16:30:15', '223.207.250.121', 5),
(279, '2025-07-02', 7, 2025, '13:52:32', '98.159.43.149', 1),
(280, '2025-07-02', 7, 2025, '14:29:52', '98.159.43.137', 1),
(281, '2025-07-02', 7, 2025, '15:45:40', '52.167.144.216', 1),
(282, '2025-07-03', 7, 2025, '00:58:43', '54.170.111.133', 1),
(283, '2025-07-03', 7, 2025, '10:41:03', '171.5.81.173', 1),
(284, '2025-07-03', 7, 2025, '10:43:42', '40.77.167.65', 1),
(285, '2025-07-03', 7, 2025, '11:30:03', '66.249.72.237', 1),
(286, '2025-07-03', 7, 2025, '19:57:44', '66.249.72.235', 2),
(287, '2025-07-03', 7, 2025, '14:40:56', '223.207.250.121', 5),
(288, '2025-07-03', 7, 2025, '18:08:05', '15.235.228.75', 577),
(289, '2025-07-03', 7, 2025, '19:57:45', '66.249.71.6', 1),
(290, '2025-07-04', 7, 2025, '08:21:34', '1.10.219.227', 1),
(291, '2025-07-04', 7, 2025, '15:42:21', '207.46.13.116', 1),
(292, '2025-07-05', 7, 2025, '12:31:24', '40.77.167.22', 1),
(293, '2025-07-05', 7, 2025, '15:05:23', '52.159.227.41', 1),
(294, '2025-07-07', 7, 2025, '23:09:57', '154.90.47.59', 33),
(295, '2025-07-07', 7, 2025, '05:26:36', '52.167.144.139', 1),
(296, '2025-07-07', 7, 2025, '07:07:25', '52.167.144.174', 1),
(297, '2025-07-07', 7, 2025, '13:06:01', '103.176.152.43', 1),
(298, '2025-07-07', 7, 2025, '15:12:18', '223.207.250.121', 1),
(299, '2025-07-07', 7, 2025, '20:39:32', '44.234.47.222', 1),
(300, '2025-07-08', 7, 2025, '00:17:59', '3.250.138.152', 1),
(301, '2025-07-08', 7, 2025, '02:27:16', '103.176.152.43', 6),
(302, '2025-07-08', 7, 2025, '20:50:01', '154.90.47.59', 20),
(303, '2025-07-08', 7, 2025, '08:57:01', '40.77.167.38', 1),
(304, '2025-07-08', 7, 2025, '19:52:21', '180.163.220.42', 1),
(305, '2025-07-08', 7, 2025, '20:05:54', '180.95.238.81', 1),
(306, '2025-07-09', 7, 2025, '23:58:48', '154.90.47.59', 28),
(307, '2025-07-09', 7, 2025, '11:55:59', '1.47.140.99', 1),
(308, '2025-07-09', 7, 2025, '15:11:14', '223.207.227.90', 1),
(309, '2025-07-10', 7, 2025, '23:20:49', '154.90.47.59', 26),
(310, '2025-07-10', 7, 2025, '08:21:51', '182.232.117.162', 1),
(311, '2025-07-10', 7, 2025, '23:21:37', '66.249.64.3', 2),
(312, '2025-07-11', 7, 2025, '00:35:24', '154.90.47.59', 3),
(313, '2025-07-11', 7, 2025, '12:02:40', '52.230.163.39', 1),
(314, '2025-07-12', 7, 2025, '10:04:25', '74.7.36.68', 1),
(315, '2025-07-12', 7, 2025, '12:57:15', '20.161.75.221', 1),
(316, '2025-07-12', 7, 2025, '15:32:37', '66.249.89.2', 1),
(317, '2025-07-12', 7, 2025, '17:05:18', '23.98.186.203', 1),
(318, '2025-07-12', 7, 2025, '19:21:03', '34.241.142.220', 1),
(319, '2025-07-12', 7, 2025, '21:56:56', '66.249.64.4', 1),
(320, '2025-07-14', 7, 2025, '11:43:30', '52.167.144.206', 1),
(321, '2025-07-14', 7, 2025, '12:32:52', '51.81.46.212', 1),
(322, '2025-07-14', 7, 2025, '16:56:50', '223.207.247.104', 1),
(323, '2025-07-14', 7, 2025, '17:34:48', '66.249.79.7', 2),
(324, '2025-07-14', 7, 2025, '22:54:26', '52.255.111.7', 1),
(325, '2025-07-15', 7, 2025, '05:25:12', '52.167.144.18', 1),
(326, '2025-07-15', 7, 2025, '08:03:56', '49.228.117.78', 1),
(327, '2025-07-15', 7, 2025, '11:46:35', '52.167.144.136', 1),
(328, '2025-07-15', 7, 2025, '14:15:00', '52.190.190.24', 1),
(329, '2025-07-15', 7, 2025, '14:15:02', '66.249.77.75', 2),
(330, '2025-07-15', 7, 2025, '17:17:47', '52.167.144.213', 1),
(331, '2025-07-15', 7, 2025, '20:32:06', '141.95.4.134', 1),
(332, '2025-07-16', 7, 2025, '10:47:45', '18.202.23.221', 1),
(333, '2025-07-16', 7, 2025, '10:49:13', '74.7.36.96', 1),
(334, '2025-07-16', 7, 2025, '14:09:20', '74.7.36.69', 1),
(335, '2025-07-16', 7, 2025, '15:48:58', '49.230.249.205', 1),
(336, '2025-07-16', 7, 2025, '21:38:25', '223.206.0.139', 1),
(337, '2025-07-16', 7, 2025, '22:03:42', '20.161.75.208', 1),
(338, '2025-07-17', 7, 2025, '07:34:46', '171.97.27.59', 1),
(339, '2025-07-17', 7, 2025, '11:06:44', '40.77.167.75', 2),
(340, '2025-07-17', 7, 2025, '11:52:18', '52.167.144.169', 1),
(341, '2025-07-17', 7, 2025, '13:04:13', '18.202.23.221', 1),
(342, '2025-07-17', 7, 2025, '16:09:37', '182.232.241.123', 1),
(343, '2025-07-18', 7, 2025, '02:47:44', '192.178.4.99', 1),
(344, '2025-07-18', 7, 2025, '02:47:44', '192.178.4.98', 1),
(345, '2025-07-18', 7, 2025, '09:07:14', '147.92.179.119', 1),
(346, '2025-07-18', 7, 2025, '09:41:35', '54.74.69.226', 1),
(347, '2025-07-18', 7, 2025, '17:00:05', '223.207.249.27', 4),
(348, '2025-07-18', 7, 2025, '14:59:45', '49.237.200.199', 2),
(349, '2025-07-18', 7, 2025, '15:03:41', '94.23.247.18', 1),
(350, '2025-07-18', 7, 2025, '20:41:00', '147.92.179.113', 2),
(351, '2025-07-18', 7, 2025, '17:01:24', '147.92.179.111', 1),
(352, '2025-07-18', 7, 2025, '20:03:06', '40.77.167.55', 1),
(353, '2025-07-18', 7, 2025, '20:44:02', '1.2.164.38', 6),
(354, '2025-07-18', 7, 2025, '20:52:26', '49.48.178.60', 1),
(355, '2025-07-18', 7, 2025, '21:35:54', '40.77.167.149', 1),
(356, '2025-07-18', 7, 2025, '23:58:58', '52.167.144.215', 1),
(357, '2025-07-19', 7, 2025, '06:06:16', '147.92.179.108', 1),
(358, '2025-07-20', 7, 2025, '09:35:50', '223.206.41.215', 1),
(359, '2025-07-22', 7, 2025, '03:37:24', '182.232.239.229', 1),
(360, '2025-07-22', 7, 2025, '16:24:04', '223.207.249.27', 8),
(361, '2025-07-22', 7, 2025, '11:39:20', '147.92.179.110', 1),
(362, '2025-07-22', 7, 2025, '11:42:36', '147.92.179.105', 1),
(363, '2025-07-22', 7, 2025, '11:42:38', '182.232.237.56', 1),
(364, '2025-07-22', 7, 2025, '11:42:55', '147.92.179.115', 1),
(365, '2025-07-22', 7, 2025, '11:51:00', '52.19.106.131', 1),
(366, '2025-07-22', 7, 2025, '13:13:41', '17.241.219.95', 1),
(367, '2025-07-22', 7, 2025, '14:44:02', '147.92.179.113', 1),
(368, '2025-07-22', 7, 2025, '19:02:19', '13.83.167.141', 1),
(369, '2025-07-22', 7, 2025, '19:02:47', '223.204.184.130', 1),
(370, '2025-07-22', 7, 2025, '20:25:03', '23.98.186.204', 1),
(371, '2025-07-23', 7, 2025, '08:16:33', '49.228.113.44', 1),
(372, '2025-07-23', 7, 2025, '09:03:40', '40.77.167.79', 1),
(373, '2025-07-23', 7, 2025, '12:26:22', '51.89.3.212', 1),
(374, '2025-07-23', 7, 2025, '14:02:31', '171.97.180.99', 1),
(375, '2025-07-23', 7, 2025, '17:21:00', '40.77.167.158', 1),
(376, '2025-07-23', 7, 2025, '23:14:51', '202.28.103.97', 1),
(377, '2025-07-24', 7, 2025, '10:08:48', '223.205.92.149', 1),
(378, '2025-07-24', 7, 2025, '13:39:52', '52.167.144.158', 1),
(379, '2025-07-24', 7, 2025, '18:50:18', '101.198.0.182', 1),
(380, '2025-07-24', 7, 2025, '18:55:36', '123.245.85.99', 1),
(381, '2025-07-25', 7, 2025, '05:30:48', '192.178.4.97', 2),
(382, '2025-07-25', 7, 2025, '10:51:56', '18.201.58.52', 1),
(383, '2025-07-25', 7, 2025, '15:01:58', '223.207.225.182', 32),
(384, '2025-07-25', 7, 2025, '16:34:10', '207.46.13.92', 1),
(385, '2025-07-26', 7, 2025, '13:14:54', '40.77.167.121', 1),
(386, '2025-07-26', 7, 2025, '19:11:15', '52.214.189.52', 1),
(387, '2025-07-26', 7, 2025, '21:46:12', '52.167.144.136', 1),
(388, '2025-07-27', 7, 2025, '15:09:34', '43.229.135.70', 2),
(389, '2025-07-28', 7, 2025, '07:57:40', '43.229.135.70', 2),
(390, '2025-07-28', 7, 2025, '16:49:22', '45.144.227.38', 2),
(391, '2025-07-29', 7, 2025, '09:17:47', '34.240.108.61', 1),
(392, '2025-07-29', 7, 2025, '13:58:40', '223.207.225.182', 2),
(393, '2025-07-29', 7, 2025, '15:39:53', '66.249.64.14', 2),
(394, '2025-07-30', 7, 2025, '04:27:18', '207.46.13.150', 1),
(395, '2025-07-30', 7, 2025, '10:42:00', '223.207.225.182', 2),
(396, '2025-07-30', 7, 2025, '10:42:42', '147.92.179.114', 1),
(397, '2025-07-30', 7, 2025, '10:43:41', '182.232.234.161', 1),
(398, '2025-07-30', 7, 2025, '11:39:20', '157.55.39.48', 1),
(399, '2025-07-30', 7, 2025, '13:09:35', '147.92.179.117', 1),
(400, '2025-07-30', 7, 2025, '15:36:45', '34.253.208.184', 1),
(401, '2025-07-30', 7, 2025, '15:36:46', '34.248.159.98', 1),
(402, '2025-07-30', 7, 2025, '17:25:39', '135.237.131.218', 1),
(403, '2025-07-30', 7, 2025, '18:24:58', '74.7.35.52', 1),
(404, '2025-07-30', 7, 2025, '18:25:11', '66.249.79.7', 1),
(405, '2025-07-30', 7, 2025, '18:25:13', '66.249.79.6', 1),
(406, '2025-07-30', 7, 2025, '19:37:18', '180.191.159.80', 2),
(407, '2025-07-30', 7, 2025, '21:08:11', '40.84.221.228', 1),
(408, '2025-07-30', 7, 2025, '23:31:21', '23.98.186.200', 1),
(409, '2025-07-31', 7, 2025, '03:36:05', '74.7.35.52', 1),
(410, '2025-07-31', 7, 2025, '09:46:47', '74.7.36.75', 1),
(411, '2025-07-31', 7, 2025, '09:52:11', '18.202.195.186', 1),
(412, '2025-07-31', 7, 2025, '09:52:13', '34.248.159.98', 1),
(413, '2025-07-31', 7, 2025, '10:05:46', '52.230.163.40', 1),
(414, '2025-07-31', 7, 2025, '10:06:35', '52.230.163.33', 1),
(415, '2025-07-31', 7, 2025, '10:08:16', '20.171.207.59', 1),
(416, '2025-07-31', 7, 2025, '10:28:59', '223.207.226.7', 1),
(417, '2025-07-31', 7, 2025, '10:58:01', '182.232.235.34', 1),
(418, '2025-07-31', 7, 2025, '11:45:39', '51.8.155.59', 2),
(419, '2025-07-31', 7, 2025, '12:30:46', '43.229.135.70', 1),
(420, '2025-07-31', 7, 2025, '14:20:01', '40.84.221.235', 1),
(421, '2025-07-31', 7, 2025, '21:02:38', '156.244.1.45', 4),
(422, '2025-07-31', 7, 2025, '21:42:18', '23.98.186.178', 1),
(423, '2025-07-31', 7, 2025, '22:58:15', '107.174.121.183', 1),
(424, '2025-07-31', 7, 2025, '23:07:11', '182.232.234.231', 1),
(425, '2025-08-01', 8, 2025, '00:11:26', '107.174.121.183', 1),
(426, '2025-08-01', 8, 2025, '04:53:31', '72.14.199.102', 1),
(427, '2025-08-01', 8, 2025, '09:01:45', '66.249.71.6', 1),
(428, '2025-08-01', 8, 2025, '09:01:46', '66.249.79.6', 1),
(429, '2025-08-01', 8, 2025, '13:10:25', '171.97.28.71', 1),
(430, '2025-08-01', 8, 2025, '13:39:58', '147.92.179.109', 1),
(431, '2025-08-01', 8, 2025, '17:32:36', '207.46.13.141', 1),
(432, '2025-08-02', 8, 2025, '10:59:10', '139.99.69.160', 2),
(433, '2025-08-03', 8, 2025, '17:24:23', '58.10.179.30', 1),
(434, '2025-08-03', 8, 2025, '19:58:35', '107.174.121.183', 2),
(435, '2025-08-04', 8, 2025, '16:10:28', '207.46.13.127', 2),
(436, '2025-08-04', 8, 2025, '11:43:09', '34.244.114.228', 1),
(437, '2025-08-04', 8, 2025, '11:43:12', '3.248.221.11', 1),
(438, '2025-08-04', 8, 2025, '12:35:20', '147.92.179.119', 1),
(439, '2025-08-04', 8, 2025, '12:47:02', '134.236.42.245', 1),
(440, '2025-08-04', 8, 2025, '15:44:07', '40.84.221.218', 1),
(441, '2025-08-04', 8, 2025, '15:47:46', '207.46.13.128', 1),
(442, '2025-08-04', 8, 2025, '16:52:28', '54.171.42.42', 1),
(443, '2025-08-05', 8, 2025, '00:00:58', '139.99.69.160', 1),
(444, '2025-08-05', 8, 2025, '03:47:17', '157.55.39.195', 1),
(445, '2025-08-05', 8, 2025, '05:24:07', '207.46.13.157', 1),
(446, '2025-08-05', 8, 2025, '09:44:17', '74.7.35.123', 1),
(447, '2025-08-05', 8, 2025, '10:46:50', '207.46.13.87', 1),
(448, '2025-08-05', 8, 2025, '16:23:53', '58.8.227.79', 1),
(449, '2025-08-05', 8, 2025, '20:31:23', '34.244.137.207', 1),
(450, '2025-08-05', 8, 2025, '20:34:47', '40.116.73.214', 1),
(451, '2025-08-06', 8, 2025, '10:10:38', '223.207.226.7', 2),
(452, '2025-08-06', 8, 2025, '15:59:19', '23.98.186.196', 1),
(453, '2025-08-06', 8, 2025, '18:28:35', '223.206.3.228', 1),
(454, '2025-08-06', 8, 2025, '23:58:18', '107.174.121.183', 13),
(455, '2025-08-07', 8, 2025, '12:35:22', '107.174.121.183', 491),
(456, '2025-08-07', 8, 2025, '12:20:46', '103.176.152.40', 7),
(457, '2025-08-07', 8, 2025, '17:16:41', '103.176.152.18', 29),
(458, '2025-08-07', 8, 2025, '02:23:54', '52.167.144.186', 1),
(459, '2025-08-07', 8, 2025, '04:12:03', '103.176.152.3', 1),
(460, '2025-08-07', 8, 2025, '06:35:54', '182.232.239.79', 1),
(461, '2025-08-07', 8, 2025, '10:26:07', '52.255.111.9', 1),
(462, '2025-08-07', 8, 2025, '12:11:22', '49.237.178.97', 1),
(463, '2025-08-07', 8, 2025, '12:29:17', '52.167.144.207', 1),
(464, '2025-08-07', 8, 2025, '17:30:09', '223.207.248.196', 1),
(465, '2025-08-07', 8, 2025, '18:30:49', '40.77.167.67', 1),
(466, '2025-08-08', 8, 2025, '02:11:56', '49.237.37.60', 1),
(467, '2025-08-08', 8, 2025, '02:44:14', '54.246.238.213', 1),
(468, '2025-08-08', 8, 2025, '08:46:38', '171.97.183.14', 1),
(469, '2025-08-08', 8, 2025, '11:21:26', '184.22.90.153', 2),
(470, '2025-08-08', 8, 2025, '16:58:01', '66.249.79.6', 3),
(471, '2025-08-08', 8, 2025, '15:20:49', '147.92.179.110', 1),
(472, '2025-08-08', 8, 2025, '15:43:23', '223.207.248.196', 1),
(473, '2025-08-08', 8, 2025, '16:57:53', '40.84.221.233', 1),
(474, '2025-08-08', 8, 2025, '16:58:02', '66.249.79.7', 1),
(475, '2025-08-08', 8, 2025, '17:26:04', '40.77.167.18', 1),
(476, '2025-08-08', 8, 2025, '22:06:44', '103.77.106.57', 4),
(477, '2025-08-08', 8, 2025, '21:40:05', '103.176.152.33', 4),
(478, '2025-08-08', 8, 2025, '22:25:04', '103.176.152.18', 6),
(479, '2025-08-08', 8, 2025, '23:08:07', '40.77.167.27', 1),
(480, '2025-08-08', 8, 2025, '23:58:55', '107.174.121.183', 45),
(481, '2025-08-09', 8, 2025, '10:43:05', '107.174.121.183', 235),
(482, '2025-08-09', 8, 2025, '06:50:03', '103.176.152.33', 5),
(483, '2025-08-09', 8, 2025, '19:27:47', '103.176.152.18', 14),
(484, '2025-08-09', 8, 2025, '08:16:27', '49.228.114.44', 1),
(485, '2025-08-09', 8, 2025, '18:07:32', '66.249.79.7', 1),
(486, '2025-08-10', 8, 2025, '03:40:42', '101.34.60.134', 1),
(487, '2025-08-10', 8, 2025, '17:06:08', '103.176.152.33', 25),
(488, '2025-08-10', 8, 2025, '22:09:45', '103.176.152.18', 7),
(489, '2025-08-10', 8, 2025, '22:01:27', '223.207.231.229', 1),
(490, '2025-08-11', 8, 2025, '00:12:47', '58.136.177.248', 1),
(491, '2025-08-11', 8, 2025, '07:14:51', '103.176.152.18', 6),
(492, '2025-08-11', 8, 2025, '10:46:32', '1.47.196.231', 1),
(493, '2025-08-11', 8, 2025, '11:59:01', '103.176.152.25', 1),
(494, '2025-08-11', 8, 2025, '14:28:51', '34.240.27.199', 1),
(495, '2025-08-11', 8, 2025, '18:10:37', '44.250.146.54', 1),
(496, '2025-08-11', 8, 2025, '20:40:01', '74.7.35.119', 1),
(497, '2025-08-11', 8, 2025, '20:40:11', '66.249.79.8', 2),
(498, '2025-08-11', 8, 2025, '22:43:15', '171.97.64.234', 1),
(499, '2025-08-11', 8, 2025, '23:37:51', '103.176.152.33', 6),
(500, '2025-08-12', 8, 2025, '17:11:21', '103.176.152.33', 2),
(501, '2025-08-12', 8, 2025, '10:30:56', '103.176.152.18', 3),
(502, '2025-08-12', 8, 2025, '19:28:20', '103.176.152.8', 13),
(503, '2025-08-12', 8, 2025, '22:44:40', '103.176.152.3', 1),
(504, '2025-08-13', 8, 2025, '02:30:33', '51.89.3.212', 1),
(505, '2025-08-13', 8, 2025, '07:07:46', '103.176.152.3', 1),
(506, '2025-08-13', 8, 2025, '16:48:25', '223.207.248.196', 2),
(507, '2025-08-13', 8, 2025, '12:27:22', '40.77.167.64', 1),
(508, '2025-08-13', 8, 2025, '14:45:00', '147.92.179.116', 1),
(509, '2025-08-13', 8, 2025, '14:45:12', '147.92.179.106', 1),
(510, '2025-08-13', 8, 2025, '17:38:41', '52.167.144.162', 1),
(511, '2025-08-13', 8, 2025, '23:15:31', '103.176.152.15', 7),
(512, '2025-08-14', 8, 2025, '13:54:06', '103.176.152.20', 58),
(513, '2025-08-14', 8, 2025, '08:11:46', '103.176.152.15', 6),
(514, '2025-08-14', 8, 2025, '07:12:22', '66.249.79.7', 1),
(515, '2025-08-14', 8, 2025, '08:50:54', '20.191.45.212', 1),
(516, '2025-08-14', 8, 2025, '12:23:04', '223.207.241.29', 1),
(517, '2025-08-14', 8, 2025, '13:40:29', '103.176.152.8', 4),
(518, '2025-08-14', 8, 2025, '14:33:00', '103.15.90.204', 28),
(519, '2025-08-14', 8, 2025, '15:22:01', '182.232.237.130', 1),
(520, '2025-08-14', 8, 2025, '15:35:03', '223.207.227.154', 6),
(521, '2025-08-14', 8, 2025, '19:14:39', '52.230.163.43', 1),
(522, '2025-08-14', 8, 2025, '21:41:51', '51.81.46.212', 1),
(523, '2025-08-15', 8, 2025, '02:22:05', '103.176.152.40', 4),
(524, '2025-08-15', 8, 2025, '05:08:52', '103.176.152.38', 1),
(525, '2025-08-15', 8, 2025, '07:46:42', '207.46.13.6', 1),
(526, '2025-08-15', 8, 2025, '14:38:36', '66.249.79.6', 1),
(527, '2025-08-15', 8, 2025, '14:38:37', '66.249.79.8', 1),
(528, '2025-08-16', 8, 2025, '21:30:49', '103.176.152.18', 25),
(529, '2025-08-16', 8, 2025, '11:29:31', '52.167.144.158', 1),
(530, '2025-08-16', 8, 2025, '15:58:08', '66.249.71.6', 1),
(531, '2025-08-16', 8, 2025, '20:54:37', '52.255.111.114', 1),
(532, '2025-08-16', 8, 2025, '23:56:06', '185.246.239.70', 1),
(533, '2025-08-17', 8, 2025, '08:45:09', '54.39.104.60', 1),
(534, '2025-08-17', 8, 2025, '08:45:13', '146.190.222.181', 1),
(535, '2025-08-17', 8, 2025, '11:20:00', '15.235.145.161', 2),
(536, '2025-08-17', 8, 2025, '11:45:00', '49.228.114.127', 1),
(537, '2025-08-18', 8, 2025, '02:12:47', '103.77.106.57', 2),
(538, '2025-08-18', 8, 2025, '11:24:23', '52.167.144.221', 1),
(539, '2025-08-18', 8, 2025, '16:19:08', '205.169.39.12', 1),
(540, '2025-08-18', 8, 2025, '19:42:18', '40.77.167.154', 1),
(541, '2025-08-18', 8, 2025, '20:08:14', '176.107.187.22', 1),
(542, '2025-08-19', 8, 2025, '00:27:10', '1.46.3.14', 1),
(543, '2025-08-19', 8, 2025, '09:46:10', '74.7.35.115', 1),
(544, '2025-08-19', 8, 2025, '11:09:22', '52.230.163.44', 1),
(545, '2025-08-19', 8, 2025, '11:29:01', '147.92.179.111', 1),
(546, '2025-08-19', 8, 2025, '11:30:14', '147.92.179.116', 1),
(547, '2025-08-19', 8, 2025, '12:15:22', '52.255.111.119', 1),
(548, '2025-08-19', 8, 2025, '15:56:03', '101.51.126.237', 1),
(549, '2025-08-19', 8, 2025, '21:23:03', '103.176.152.28', 38),
(550, '2025-08-20', 8, 2025, '18:55:29', '103.176.152.28', 21),
(551, '2025-08-20', 8, 2025, '04:58:13', '66.249.71.6', 1),
(552, '2025-08-20', 8, 2025, '08:56:48', '171.97.156.97', 1),
(553, '2025-08-20', 8, 2025, '09:35:52', '223.207.227.154', 1),
(554, '2025-08-20', 8, 2025, '11:32:53', '74.7.35.49', 1),
(555, '2025-08-20', 8, 2025, '14:24:43', '61.19.23.94', 1),
(556, '2025-08-20', 8, 2025, '23:52:51', '103.176.152.35', 8),
(557, '2025-08-21', 8, 2025, '04:22:25', '103.176.152.35', 5),
(558, '2025-08-21', 8, 2025, '02:18:59', '103.176.152.28', 10),
(559, '2025-08-21', 8, 2025, '11:51:22', '103.176.152.23', 2),
(560, '2025-08-21', 8, 2025, '20:55:28', '40.77.167.41', 1),
(561, '2025-08-21', 8, 2025, '21:08:31', '45.194.99.204', 1),
(562, '2025-08-21', 8, 2025, '23:46:58', '103.77.106.57', 2),
(563, '2025-08-22', 8, 2025, '00:24:37', '74.7.35.55', 1),
(564, '2025-08-22', 8, 2025, '10:40:14', '40.77.167.152', 1),
(565, '2025-08-22', 8, 2025, '10:50:37', '40.77.167.41', 1),
(566, '2025-08-22', 8, 2025, '16:16:03', '66.249.71.6', 1),
(567, '2025-08-22', 8, 2025, '16:16:04', '66.249.64.12', 1),
(568, '2025-08-22', 8, 2025, '18:28:18', '49.48.186.121', 1),
(569, '2025-08-22', 8, 2025, '18:48:01', '38.54.33.137', 3),
(570, '2025-08-22', 8, 2025, '21:41:40', '103.176.152.30', 21),
(571, '2025-08-23', 8, 2025, '21:57:33', '103.176.152.30', 22),
(572, '2025-08-23', 8, 2025, '07:29:25', '103.77.106.57', 2),
(573, '2025-08-23', 8, 2025, '08:10:53', '52.167.144.213', 1),
(574, '2025-08-23', 8, 2025, '19:12:02', '223.207.249.237', 1),
(575, '2025-08-24', 8, 2025, '23:26:29', '103.176.152.30', 27),
(576, '2025-08-24', 8, 2025, '09:02:29', '66.249.64.12', 1),
(577, '2025-08-24', 8, 2025, '19:47:32', '52.167.144.187', 1),
(578, '2025-08-25', 8, 2025, '23:46:32', '103.176.152.30', 26),
(579, '2025-08-25', 8, 2025, '10:41:03', '147.92.179.110', 1),
(580, '2025-08-25', 8, 2025, '15:06:05', '27.55.82.75', 1),
(581, '2025-08-25', 8, 2025, '16:00:29', '1.20.140.119', 1),
(582, '2025-08-25', 8, 2025, '22:13:36', '52.159.249.98', 1),
(583, '2025-08-25', 8, 2025, '22:13:39', '66.249.65.204', 1),
(584, '2025-08-25', 8, 2025, '22:13:40', '66.249.71.8', 1),
(585, '2025-08-26', 8, 2025, '07:45:55', '103.176.152.30', 14),
(586, '2025-08-26', 8, 2025, '10:26:16', '49.228.108.91', 1),
(587, '2025-08-26', 8, 2025, '15:56:52', '49.48.186.121', 1),
(588, '2025-08-26', 8, 2025, '16:42:25', '40.77.167.116', 1),
(589, '2025-08-26', 8, 2025, '20:51:30', '66.249.64.13', 1),
(590, '2025-08-27', 8, 2025, '13:49:54', '20.194.157.191', 1),
(591, '2025-08-27', 8, 2025, '14:25:19', '110.170.245.140', 1),
(592, '2025-08-27', 8, 2025, '21:05:13', '52.167.144.150', 1),
(593, '2025-08-28', 8, 2025, '13:27:06', '182.232.239.81', 1),
(594, '2025-08-28', 8, 2025, '15:05:46', '49.229.239.192', 1),
(595, '2025-08-28', 8, 2025, '15:44:48', '20.191.45.212', 1),
(596, '2025-08-28', 8, 2025, '16:38:24', '40.77.167.150', 1),
(597, '2025-08-28', 8, 2025, '19:39:31', '52.167.144.146', 2),
(598, '2025-08-28', 8, 2025, '20:08:14', '154.3.62.62', 1),
(599, '2025-08-28', 8, 2025, '20:57:51', '38.54.82.172', 1),
(600, '2025-08-29', 8, 2025, '02:12:39', '152.70.106.67', 39),
(601, '2025-08-29', 8, 2025, '12:04:34', '66.249.64.14', 2),
(602, '2025-08-29', 8, 2025, '08:34:54', '52.167.144.189', 1),
(603, '2025-08-29', 8, 2025, '09:50:52', '52.167.144.222', 1),
(604, '2025-08-29', 8, 2025, '10:34:26', '52.167.144.166', 1),
(605, '2025-08-29', 8, 2025, '15:03:51', '223.205.93.41', 7),
(606, '2025-08-29', 8, 2025, '12:04:33', '66.249.64.13', 1),
(607, '2025-08-29', 8, 2025, '13:12:01', '40.77.167.143', 1),
(608, '2025-08-29', 8, 2025, '15:20:08', '51.75.157.203', 1),
(609, '2025-08-29', 8, 2025, '18:12:36', '66.249.64.12', 2),
(610, '2025-08-29', 8, 2025, '19:18:17', '171.97.4.207', 1),
(611, '2025-08-29', 8, 2025, '23:15:04', '194.41.59.158', 1),
(612, '2025-08-30', 8, 2025, '13:17:25', '49.229.228.30', 1),
(613, '2025-08-30', 8, 2025, '16:59:02', '49.229.236.223', 1),
(614, '2025-08-30', 8, 2025, '17:55:04', '52.214.66.191', 1),
(615, '2025-08-30', 8, 2025, '22:32:48', '103.77.106.57', 2),
(616, '2025-08-31', 8, 2025, '09:08:40', '157.55.39.49', 1),
(617, '2025-08-31', 8, 2025, '09:24:12', '101.51.79.100', 1),
(618, '2025-08-31', 8, 2025, '19:22:29', '54.155.190.217', 1),
(619, '2025-08-31', 8, 2025, '19:22:29', '34.249.128.103', 1),
(620, '2025-08-31', 8, 2025, '21:57:48', '157.55.39.10', 1),
(621, '2025-09-01', 9, 2025, '07:37:48', '49.228.112.186', 2),
(622, '2025-09-01', 9, 2025, '08:35:15', '207.46.13.6', 1),
(623, '2025-09-01', 9, 2025, '16:40:38', '207.46.13.102', 2),
(624, '2025-09-01', 9, 2025, '21:30:00', '103.77.106.57', 2),
(625, '2025-09-02', 9, 2025, '04:00:03', '54.78.158.186', 1),
(626, '2025-09-02', 9, 2025, '06:55:38', '20.191.45.212', 1),
(627, '2025-09-02', 9, 2025, '07:02:36', '52.159.227.34', 1),
(628, '2025-09-02', 9, 2025, '09:16:14', '49.237.47.237', 1),
(629, '2025-09-02', 9, 2025, '09:47:59', '103.77.106.57', 2),
(630, '2025-09-02', 9, 2025, '10:17:31', '223.205.93.41', 1),
(631, '2025-09-02', 9, 2025, '13:51:59', '96.30.100.109', 1),
(632, '2025-09-02', 9, 2025, '15:20:03', '40.77.167.25', 1),
(633, '2025-09-02', 9, 2025, '16:48:31', '52.167.144.141', 1),
(634, '2025-09-02', 9, 2025, '17:10:43', '40.77.167.55', 2),
(635, '2025-09-03', 9, 2025, '11:32:48', '52.167.144.209', 1),
(636, '2025-09-03', 9, 2025, '12:41:57', '205.198.80.22', 4),
(637, '2025-09-03', 9, 2025, '23:58:04', '103.176.152.8', 86),
(638, '2025-09-03', 9, 2025, '13:32:18', '223.207.248.38', 5),
(639, '2025-09-03', 9, 2025, '16:03:54', '52.167.144.182', 1),
(640, '2025-09-03', 9, 2025, '22:15:56', '4.151.241.250', 1),
(641, '2025-09-04', 9, 2025, '09:38:52', '103.176.152.8', 55),
(642, '2025-09-04', 9, 2025, '06:30:25', '188.165.194.120', 1),
(643, '2025-09-04', 9, 2025, '11:35:04', '52.167.144.225', 1),
(644, '2025-09-04', 9, 2025, '16:15:41', '58.10.134.105', 1),
(645, '2025-09-04', 9, 2025, '20:44:16', '54.247.194.21', 1),
(646, '2025-09-04', 9, 2025, '20:44:16', '18.202.77.142', 1),
(647, '2025-09-04', 9, 2025, '22:43:18', '52.167.144.211', 2),
(648, '2025-09-04', 9, 2025, '23:46:16', '52.187.246.133', 1),
(649, '2025-09-04', 9, 2025, '23:46:25', '66.249.71.7', 1),
(650, '2025-09-04', 9, 2025, '23:46:27', '66.249.79.7', 1),
(651, '2025-09-05', 9, 2025, '06:26:58', '66.249.71.8', 1),
(652, '2025-09-05', 9, 2025, '08:16:48', '123.6.49.17', 1),
(653, '2025-09-05', 9, 2025, '10:17:34', '40.77.167.70', 1),
(654, '2025-09-05', 9, 2025, '13:33:25', '52.230.163.43', 1),
(655, '2025-09-05', 9, 2025, '20:43:16', '66.249.71.6', 1),
(656, '2025-09-05', 9, 2025, '20:43:17', '66.249.79.6', 1),
(657, '2025-09-06', 9, 2025, '16:29:10', '86.87.119.140', 6),
(658, '2025-09-07', 9, 2025, '12:23:35', '86.87.119.140', 3),
(659, '2025-09-08', 9, 2025, '08:09:50', '66.249.65.192', 1),
(660, '2025-09-08', 9, 2025, '09:59:09', '86.87.119.140', 3),
(661, '2025-09-08', 9, 2025, '10:14:11', '52.167.144.216', 2),
(662, '2025-09-08', 9, 2025, '10:07:40', '223.207.229.148', 1),
(663, '2025-09-08', 9, 2025, '10:56:56', '40.77.167.9', 1),
(664, '2025-09-08', 9, 2025, '11:40:53', '118.173.84.245', 1),
(665, '2025-09-08', 9, 2025, '11:44:31', '52.167.144.140', 1),
(666, '2025-09-08', 9, 2025, '17:08:22', '52.167.144.23', 1),
(667, '2025-09-08', 9, 2025, '17:26:43', '103.176.152.30', 3),
(668, '2025-09-08', 9, 2025, '19:57:03', '40.116.73.217', 1),
(669, '2025-09-08', 9, 2025, '19:59:29', '52.167.144.21', 1),
(670, '2025-09-08', 9, 2025, '21:14:53', '171.97.21.105', 1),
(671, '2025-09-08', 9, 2025, '21:59:26', '35.94.208.46', 1),
(672, '2025-09-09', 9, 2025, '09:22:52', '1.2.184.225', 1),
(673, '2025-09-09', 9, 2025, '13:05:52', '103.176.152.50', 3),
(674, '2025-09-09', 9, 2025, '19:54:58', '86.87.119.140', 6),
(675, '2025-09-09', 9, 2025, '14:25:03', '40.77.167.155', 1),
(676, '2025-09-09', 9, 2025, '16:23:45', '49.49.231.205', 1),
(677, '2025-09-09', 9, 2025, '17:30:10', '202.28.103.97', 1),
(678, '2025-09-09', 9, 2025, '18:07:08', '49.228.122.241', 1),
(679, '2025-09-10', 9, 2025, '11:03:45', '66.249.71.6', 1),
(680, '2025-09-10', 9, 2025, '11:29:59', '20.194.157.182', 1),
(681, '2025-09-10', 9, 2025, '11:45:43', '103.176.152.50', 3),
(682, '2025-09-10', 9, 2025, '16:19:18', '86.87.119.140', 1),
(683, '2025-09-10', 9, 2025, '16:25:56', '40.77.167.4', 1),
(684, '2025-09-10', 9, 2025, '23:12:30', '205.198.80.22', 2),
(685, '2025-09-10', 9, 2025, '20:52:23', '3.254.110.230', 1),
(686, '2025-09-11', 9, 2025, '09:21:13', '86.87.119.140', 3),
(687, '2025-09-11', 9, 2025, '09:54:14', '40.77.167.25', 1),
(688, '2025-09-11', 9, 2025, '10:08:59', '49.229.54.87', 2),
(689, '2025-09-11', 9, 2025, '10:25:48', '52.167.144.186', 1),
(690, '2025-09-11', 9, 2025, '10:38:54', '49.228.112.125', 1),
(691, '2025-09-11', 9, 2025, '11:20:52', '205.198.80.22', 1),
(692, '2025-09-11', 9, 2025, '12:43:22', '103.176.152.23', 3),
(693, '2025-09-11', 9, 2025, '15:16:24', '52.187.246.134', 1),
(694, '2025-09-11', 9, 2025, '15:27:56', '118.100.118.184', 1),
(695, '2025-09-11', 9, 2025, '19:10:20', '98.159.43.156', 1),
(696, '2025-09-11', 9, 2025, '19:31:32', '118.101.44.83', 1),
(697, '2025-09-11', 9, 2025, '19:46:38', '205.169.39.17', 1),
(698, '2025-09-12', 9, 2025, '07:44:41', '52.167.144.24', 1),
(699, '2025-09-12', 9, 2025, '15:00:32', '52.167.144.211', 2),
(700, '2025-09-12', 9, 2025, '12:29:06', '103.176.152.52', 3),
(701, '2025-09-12', 9, 2025, '14:07:28', '223.206.2.161', 2),
(702, '2025-09-12', 9, 2025, '13:54:56', '66.249.64.13', 1),
(703, '2025-09-12', 9, 2025, '13:54:57', '66.249.71.7', 1),
(704, '2025-09-12', 9, 2025, '15:51:13', '66.249.64.12', 1),
(705, '2025-09-12', 9, 2025, '16:27:29', '52.167.144.174', 1),
(706, '2025-09-12', 9, 2025, '22:52:35', '66.249.71.6', 1),
(707, '2025-09-13', 9, 2025, '00:32:45', '193.107.23.98', 1),
(708, '2025-09-13', 9, 2025, '11:38:26', '40.77.167.76', 1),
(709, '2025-09-14', 9, 2025, '08:20:02', '49.228.122.124', 1),
(710, '2025-09-14', 9, 2025, '11:24:06', '49.228.111.108', 1),
(711, '2025-09-14', 9, 2025, '19:01:52', '58.10.161.27', 3),
(712, '2025-09-14', 9, 2025, '19:18:58', '66.249.71.8', 1),
(713, '2025-09-15', 9, 2025, '11:05:43', '4.196.198.82', 1),
(714, '2025-09-15', 9, 2025, '13:33:26', '52.167.144.147', 1),
(715, '2025-09-15', 9, 2025, '15:10:46', '52.167.144.170', 1),
(716, '2025-09-15', 9, 2025, '17:11:56', '45.134.225.250', 1),
(717, '2025-09-15', 9, 2025, '17:12:48', '98.159.43.9', 1),
(718, '2025-09-15', 9, 2025, '18:44:29', '98.159.43.18', 1),
(719, '2025-09-15', 9, 2025, '20:04:32', '180.243.15.135', 2),
(720, '2025-09-16', 9, 2025, '08:59:34', '40.77.167.25', 1),
(721, '2025-09-16', 9, 2025, '14:08:27', '121.127.245.132', 1),
(722, '2025-09-16', 9, 2025, '14:10:34', '40.77.167.73', 1),
(723, '2025-09-16', 9, 2025, '16:23:34', '157.55.39.57', 1),
(724, '2025-09-17', 9, 2025, '17:47:05', '157.55.39.195', 3),
(725, '2025-09-17', 9, 2025, '11:55:27', '103.176.152.3', 1),
(726, '2025-09-17', 9, 2025, '14:35:29', '1.4.221.7', 1),
(727, '2025-09-17', 9, 2025, '15:24:38', '171.97.27.241', 1),
(728, '2025-09-18', 9, 2025, '01:59:18', '216.158.203.40', 1),
(729, '2025-09-18', 9, 2025, '03:14:01', '66.249.79.6', 1),
(730, '2025-09-18', 9, 2025, '13:01:12', '157.55.39.53', 1),
(731, '2025-09-18', 9, 2025, '16:04:26', '125.25.202.150', 2),
(732, '2025-09-18', 9, 2025, '13:47:47', '157.55.39.63', 1),
(733, '2025-09-18', 9, 2025, '14:57:43', '157.55.39.200', 1),
(734, '2025-09-18', 9, 2025, '22:25:41', '107.174.121.183', 249),
(735, '2025-09-18', 9, 2025, '22:45:11', '51.75.157.203', 1),
(736, '2025-09-19', 9, 2025, '09:47:56', '157.55.39.12', 1),
(737, '2025-09-19', 9, 2025, '10:16:10', '118.172.34.194', 1),
(738, '2025-09-19', 9, 2025, '14:47:26', '103.228.201.57', 1),
(739, '2025-09-19', 9, 2025, '21:28:08', '137.175.57.118', 17),
(740, '2025-09-19', 9, 2025, '16:19:53', '207.46.13.17', 1),
(741, '2025-09-19', 9, 2025, '17:32:28', '110.169.42.216', 1),
(742, '2025-09-19', 9, 2025, '20:22:06', '98.159.43.102', 1),
(743, '2025-09-20', 9, 2025, '20:59:54', '137.175.57.118', 37),
(744, '2025-09-20', 9, 2025, '00:14:32', '98.159.43.93', 1),
(745, '2025-09-20', 9, 2025, '01:58:28', '66.249.71.6', 1),
(746, '2025-09-20', 9, 2025, '01:58:30', '66.249.65.204', 1),
(747, '2025-09-20', 9, 2025, '19:34:46', '103.151.172.32', 3),
(748, '2025-09-21', 9, 2025, '21:20:55', '137.175.57.118', 44),
(749, '2025-09-21', 9, 2025, '13:03:41', '58.10.174.164', 1),
(750, '2025-09-22', 9, 2025, '18:20:11', '137.175.57.118', 134),
(751, '2025-09-22', 9, 2025, '14:06:09', '207.46.13.155', 1),
(752, '2025-09-22', 9, 2025, '15:12:55', '207.46.13.92', 1),
(753, '2025-09-22', 9, 2025, '16:04:10', '207.46.13.83', 1),
(754, '2025-09-22', 9, 2025, '16:09:35', '157.55.39.16', 1),
(755, '2025-09-22', 9, 2025, '16:51:34', '171.97.25.32', 1),
(756, '2025-09-22', 9, 2025, '23:44:47', '20.194.157.178', 1),
(757, '2025-09-22', 9, 2025, '23:45:09', '66.249.79.7', 1),
(758, '2025-09-22', 9, 2025, '23:45:11', '66.249.71.7', 1),
(759, '2025-09-23', 9, 2025, '14:34:03', '137.175.57.118', 20),
(760, '2025-09-23', 9, 2025, '03:48:09', '223.207.246.10', 1),
(761, '2025-09-23', 9, 2025, '08:29:38', '51.81.46.212', 1),
(762, '2025-09-23', 9, 2025, '09:52:28', '207.46.13.7', 1),
(763, '2025-09-23', 9, 2025, '11:35:11', '157.55.39.205', 1),
(764, '2025-09-23', 9, 2025, '15:35:19', '223.205.0.178', 1),
(765, '2025-09-23', 9, 2025, '17:15:53', '20.204.24.255', 1),
(766, '2025-09-23', 9, 2025, '19:19:13', '223.204.168.199', 1),
(767, '2025-09-23', 9, 2025, '19:31:06', '20.194.1.4', 1),
(768, '2025-09-24', 9, 2025, '07:41:27', '196.251.86.13', 1),
(769, '2025-09-24', 9, 2025, '09:20:05', '207.46.13.156', 1),
(770, '2025-09-24', 9, 2025, '10:35:23', '58.10.165.146', 1),
(771, '2025-09-24', 9, 2025, '11:29:25', '51.75.157.203', 1),
(772, '2025-09-24', 9, 2025, '15:08:11', '223.205.0.178', 1),
(773, '2025-09-24', 9, 2025, '16:32:26', '207.46.13.151', 1),
(774, '2025-09-25', 9, 2025, '08:27:59', '223.205.0.178', 1),
(775, '2025-09-25', 9, 2025, '13:47:25', '49.230.249.196', 1),
(776, '2025-09-25', 9, 2025, '15:24:14', '40.77.167.20', 1),
(777, '2025-09-26', 9, 2025, '11:35:58', '40.77.167.62', 1),
(778, '2025-09-27', 9, 2025, '03:46:50', '66.249.65.204', 1),
(779, '2025-09-27', 9, 2025, '03:47:09', '66.249.65.192', 1),
(780, '2025-09-29', 9, 2025, '07:35:40', '51.195.68.11', 1),
(781, '2025-09-29', 9, 2025, '08:18:11', '103.246.229.40', 1),
(782, '2025-09-29', 9, 2025, '09:50:21', '202.151.5.18', 1),
(783, '2025-09-29', 9, 2025, '14:14:16', '223.205.0.178', 2),
(784, '2025-09-29', 9, 2025, '14:08:33', '207.46.13.78', 1),
(785, '2025-09-29', 9, 2025, '22:40:18', '103.77.106.57', 2),
(786, '2025-09-30', 9, 2025, '09:55:49', '18.203.81.32', 1);

--
-- Indexes for dumped tables
--

--
-- Indexes for table `items`
--
ALTER TABLE `items`
  ADD PRIMARY KEY (`id`);

--
-- Indexes for table `items_backup`
--
ALTER TABLE `items_backup`
  ADD PRIMARY KEY (`id`);

--
-- Indexes for table `login_logs`
--
ALTER TABLE `login_logs`
  ADD PRIMARY KEY (`id`),
  ADD KEY `user_id` (`user_id`);

--
-- Indexes for table `pending_users`
--
ALTER TABLE `pending_users`
  ADD PRIMARY KEY (`id`),
  ADD UNIQUE KEY `username` (`username`);

--
-- Indexes for table `users`
--
ALTER TABLE `users`
  ADD PRIMARY KEY (`id`),
  ADD UNIQUE KEY `username` (`username`);

--
-- Indexes for table `visitors`
--
ALTER TABLE `visitors`
  ADD PRIMARY KEY (`id`);

--
-- AUTO_INCREMENT for dumped tables
--

--
-- AUTO_INCREMENT for table `items`
--
ALTER TABLE `items`
  MODIFY `id` int(11) NOT NULL AUTO_INCREMENT, AUTO_INCREMENT=186;

--
-- AUTO_INCREMENT for table `items_backup`
--
ALTER TABLE `items_backup`
  MODIFY `id` int(11) NOT NULL AUTO_INCREMENT, AUTO_INCREMENT=157;

--
-- AUTO_INCREMENT for table `login_logs`
--
ALTER TABLE `login_logs`
  MODIFY `id` int(11) NOT NULL AUTO_INCREMENT, AUTO_INCREMENT=36;

--
-- AUTO_INCREMENT for table `pending_users`
--
ALTER TABLE `pending_users`
  MODIFY `id` int(11) NOT NULL AUTO_INCREMENT, AUTO_INCREMENT=162;

--
-- AUTO_INCREMENT for table `users`
--
ALTER TABLE `users`
  MODIFY `id` int(11) NOT NULL AUTO_INCREMENT, AUTO_INCREMENT=28;

--
-- AUTO_INCREMENT for table `visitors`
--
ALTER TABLE `visitors`
  MODIFY `id` int(11) NOT NULL AUTO_INCREMENT, AUTO_INCREMENT=787;

--
-- Constraints for dumped tables
--

--
-- Constraints for table `login_logs`
--
ALTER TABLE `login_logs`
  ADD CONSTRAINT `login_logs_ibfk_1` FOREIGN KEY (`user_id`) REFERENCES `users` (`id`) ON DELETE CASCADE;
COMMIT;

/*!40101 SET CHARACTER_SET_CLIENT=@OLD_CHARACTER_SET_CLIENT */;
/*!40101 SET CHARACTER_SET_RESULTS=@OLD_CHARACTER_SET_RESULTS */;
/*!40101 SET COLLATION_CONNECTION=@OLD_COLLATION_CONNECTION */;
